"","SiO2","TiO2","Al2O3","Fe2O3T","Fe(II)O","MnO","MgO","CaO","Na2O","K2O","P2O5","Ag","As","B","Ba","Be","Bi","Br","Cd","Ce","Cl","Co","Cr","Cs","Cu","Dy","Er","Eu","F","Ga","Gd","Ge","Hf","Hg","Ho","La","Li","Lu","Mo","Nb","Nd","Ni","Pb","Pr","Rb","S","Sb","Sc","Se","Sm","Sn","Sr","Ta","Tb","Th","Tl","Tm","U","V","W","Y","Yb","Zn","Zr"
"1",0.684602013216855,0.00310301195792342,0.142544611817107,0.028993767981847,0.0242422809212767,0.000678783865795749,0.0100847888632511,0.0129938625738043,0.044411858647779,0.0291877062292172,0.00155150597896171,1.95859593638428e-06,3.87876494740428e-05,0.000310301195792342,0.00287028606107917,1.84241335001703e-05,1.93938247370214e-06,2.33171396749896e-05,4.12917204867048e-06,0.000404361245766896,0.00159999054080427,6.30299303953195e-05,0.000300604283423832,3.20967799397704e-05,0.000164847510264682,2.61816633949789e-05,1.3575677315915e-05,8.04843726586388e-06,0.00407270319477449,0.000183271643764852,3.10301195792342e-05,2.07710090874363e-05,2.42422809212767e-05,2.52119721581278e-07,4.75148706057024e-06,0.000211392689633533,0.000495512222030897,1.93938247370214e-06,2.90907371055321e-06,0.000123150787080086,0.000159029362843575,0.000164847510264682,9.6969123685107e-05,4.55754881320003e-05,0.00155150597896171,0.000872722113165963,5.81814742110642e-06,5.81814742110642e-05,5.94420728189706e-05,3.97573407108939e-05,3.98193907018355e-05,0.000940600499745538,1.06666036053618e-05,4.75148706057024e-06,7.19510897743494e-05,7.75752989480856e-06,2.03635159738725e-06,2.97695209713278e-05,0.000329695020529364,1.84241335001703e-05,0.000158572224994931,1.26059860790639e-05,0.000397573407108939,0.00147393068001363
"2",0.683114719882359,0.00294742436307648,0.143343071524286,0.0288847587581495,0.0249284584726238,0.00079580457803065,0.0103159852707677,0.0129686671975365,0.0444078604036857,0.0285900163218419,0.00155231016455361,1.98441633134962e-06,3.92989915076864e-05,0.000230396728510012,0.00289830062369187,1.47331355204737e-05,1.96494957538432e-05,2.36245322028132e-05,1.96494957538432e-05,0.000373340419323021,0.00219213310034821,5.89484872615297e-05,0.000235793949046119,3.99650783570195e-05,3.92989915076864e-05,2.59577574077035e-05,1.4760026325554e-05,7.24495809738652e-06,0.00486501620122381,0.000196494957538432,3.58137117897024e-05,9.82474787692161e-06,3.27362448276519e-05,3.25603790566163e-07,5.36226133246825e-06,0.000216144453292275,0.000499746044575083,2.10653788254385e-06,1.96494957538432e-05,0.000137546470276903,0.000158913202834118,0.000147371218153824,0.000157195966030746,4.48249543877376e-05,0.0014540626857844,0.00049123739384608,7.55956263272453e-06,6.12337349631505e-05,3.78741947036775e-06,3.41985024718259e-05,9.82474787692161e-06,0.000874402561046023,1.54625632996355e-05,4.8309853666444e-06,6.87732351384513e-05,7.69251881897538e-06,2.02330656746948e-06,9.82474787692161e-06,0.000275092940553805,2.86287282164457e-05,0.000157195966030746,1.4237108000322e-05,0.000658258107753748,0.00120844398886136
"3",0.67917034651699,0.0031136749410521,0.144980489442739,0.030358330675258,0.0246886476877166,0.000583814051447269,0.00963293184887994,0.0120654903965769,0.043980658542361,0.0297745166238107,0.00155683747052605,2.00442824330229e-05,0.000196550730653914,0.000102167459003272,0.00359045641640071,1.26493044480242e-05,0.000116762810289454,2.3397265137068e-05,6.81116393355148e-07,0.000406241066989412,0.00217104486659348,2.72446557342059e-05,0.000524459622883464,3.95806158833289e-05,0.000132331184994714,2.57080448077363e-05,1.4618035455871e-05,7.17526188693441e-06,0.00481821493771675,0.000168937355978655,3.54691852982563e-05,5.05972177920967e-05,3.24213234467066e-05,3.22471494974351e-07,5.31067659045825e-06,0.000223481747194808,0.000596463355895294,2.08627307140021e-06,1.30385138156557e-05,0.000168333051500629,0.000157384464105824,0.000108005599517745,0.000292880049142713,4.4393740098777e-05,0.00146075221953514,0,7.78418735263026e-06,6.06446688538103e-05,1.02167459003272e-05,3.38695142301572e-05,2.72446557342059e-05,0.00087085596007551,1.53138140520382e-05,4.78451147842051e-06,7.22830046258749e-05,7.61851709207685e-06,2.00384243828613e-06,1.3622327867103e-05,0.000413534953108482,1.84874449624969e-05,0.000219903292711805,1.41001475842531e-05,0.000513756365273597,0.00219903292711805
"4",0.682207249423305,0.00312193883867037,0.141377832173769,0.0299666981943846,0.0248317722671262,0.00076335808594448,0.0101976810968481,0.0133098332933909,0.0451947133447642,0.0289488874131253,0.00164415587741888,1.97671967873002e-06,3.5231911658976e-05,0.000229503123898913,0.00344196203623941,1.46759923573647e-05,9.56409315426703e-06,2.35329033370389e-05,4.16738107837444e-06,0.000408596120315427,0.00218363080841342,5.48051959139627e-05,0.000377764386121243,3.98100719099501e-05,0.000138970318210405,2.58570790175922e-05,1.47027788651853e-05,7.21685818466246e-06,0.00484614700573394,0.000159522266678141,3.56748066142565e-05,2.0963212292788e-05,3.26092757534067e-05,3.24340920860839e-07,5.34146354821325e-06,0.000224777311515607,0.000497807755899291,2.09836757571064e-06,1.05036454644011e-05,0.000104717070764179,0.000158296850459085,0.000155607609827144,8.41651222964427e-05,4.46510986815729e-05,0.00147288964018775,0.00023487941105984,7.5302425114269e-06,3.91465685099733e-05,3.77272978477728e-06,3.40658619621316e-05,4.01878568892906e-05,0.000863181835644912,1.54025910163774e-05,4.81224816135637e-06,6.36131738287067e-05,7.66268302081951e-06,2.01545907722928e-06,2.935992638248e-05,0.000324916518632779,2.85176903396948e-05,0.000157564938252643,1.41818887034159e-05,0.000379721714546741,0.0013172820303606
"5",0.68329969058079,0.00301957097762003,0.142212052494363,0.0295138711683506,0.0247148260316597,0.000681838607849683,0.00993536257152396,0.012954933549144,0.0448065370872649,0.0292216546221293,0.00165589376192066,1.96741023748221e-06,2.86780957182363e-05,0.000228422269657861,0.00343799633170548,1.36367721569937e-05,9.51905067087075e-06,2.34220741773133e-05,4.14775462869427e-06,0.000435402653869726,0.00217334691083473,6.32282983147104e-05,0.000348538565659559,3.96225847667275e-05,0.0001497193758127,2.81501939526512e-05,1.52926659189143e-05,7.30541365553232e-06,0.00482332388047566,0.000169116486900105,3.23386311151564e-05,2.08644851969306e-05,3.01957097762003e-05,3.22813424180603e-07,5.55211437820456e-06,0.00021916240966597,0.000495463310145997,2.24032685436324e-06,1.04541781214131e-05,0.000123020852237177,0.00016948559680835,0.000158019928551208,9.02730519694257e-05,4.6852052910814e-05,0.00144160162802504,0,7.49477852986378e-06,6.13654747064715e-05,3.75496196132047e-06,3.56504186389977e-05,3.99985905524336e-05,0.000894018216127424,1.53300518912429e-05,4.78958468407625e-06,7.2359649137971e-05,7.6265953053227e-06,2.00596719121796e-06,0,0.000361668682138428,2.83833851240401e-05,0.000148056383418788,1.47082328264717e-05,0.000397634682000665,0.00104223901485594
"6",0.683959148645838,0.0028319268005039,0.14325643504618,0.029588752432851,0.0247775313750084,0.000683568538052665,0.00976526482932378,0.0131831075195871,0.0424789020075584,0.0284169206533322,0.0015624423726918,1.97240186211638e-06,2.92957944879713e-05,0.000229001812351345,0.00339831216060468,1.4643935083739e-05,9.54320197745514e-06,2.34814996088881e-05,4.15827812490602e-06,0.000556620095271456,0.00217886102872029,7.81221186345903e-05,0.000380845328343627,0.000195305296586476,0.000185540031757152,2.58005985127621e-05,1.46706630808716e-05,7.2010941537261e-06,0.00483556140056257,0.000166009502098504,3.55968809102e-05,2.09174216289488e-05,3.2538046193585e-05,3.23632451859571e-07,5.32979600612431e-06,0.000332019004197009,0.000496720377338765,2.093784039422e-06,1.0480701991243e-05,0.000136713707610533,0.000214835826245123,0.000107417913122562,0.000166009502098504,4.45535657547856e-05,0.00152338131337451,0,7.51379394435367e-06,6.08630008520023e-05,3.76448888166958e-06,3.39914507310801e-05,4.01000731746798e-05,0.000917934893956435,7.81221186345903e-05,4.80173660259382e-06,0.000166009502098504,7.6459451593977e-06,2.01105664081839e-06,8.7887383463914e-05,0.00043943691731957,0.000312488474538361,0.000185540031757152,1.41509107173538e-05,0.000429671652490246,0.00124018863332412
"7",0.684451905151653,0.00294514589135823,0.140581630547499,0.0313167179781092,0.0249091878211625,0.000589029178271646,0.010013496030618,0.013351328040824,0.0444717029595093,0.0277825429084793,0.00147257294567911,1.9828823016575e-06,2.29721379525942e-05,0.000230218623030372,0.00345563784586032,1.24677842734165e-05,1.86525906452688e-06,2.360626953621e-05,4.90857648559705e-07,0.000421155862464227,0.00219043849765226,5.36998267524317e-05,0.000331819770426361,2.53282546656808e-05,0.000152165871053509,2.39636704026848e-05,1.42348718082314e-05,7.06835013925975e-06,0.00486125535770151,0.000177690468778613,2.84697436164629e-05,1.85544191155568e-05,3.21020902158047e-05,3.25352086387608e-07,4.94784509748183e-06,0.000219315197376476,0.000499359721776392,2.42483678388494e-06,3.33783201020599e-06,0.000105534394440337,0.000160117764960176,0.000172781892293016,7.69664792941617e-05,4.35881591921018e-05,0.00144803006325113,0,6.28297790156422e-06,4.51589036674929e-05,3.78449165031696e-06,3.43600353991793e-05,4.40790168406615e-05,0.000888452343893066,1.41367002785195e-05,4.81040495588511e-06,6.8229213149799e-05,7.68657220782881e-06,2.11068788880673e-06,2.86660866758868e-05,0.000340655208100435,1.8259904526421e-05,0.00014922072516215,1.41170659725771e-05,0.000334764916317719,0.00128604703922643
"8",0.665184577308055,0.00355659337088022,0.155473938784192,0.028351130013588,0.0257833995947725,0.000711318674176044,0.00904390885738113,0.0115843326937241,0.0477599681232487,0.0303834690826625,0.00162321120220434,2.0524734527716e-06,2.99770012688476e-05,0.000238298365822565,0.00366837201967931,1.52384200100251e-05,9.93061763394763e-06,1.1990800507539e-05,4.32708750916139e-06,0.000424758865436552,0.00347529980811724,5.94459177704265e-05,0.00032720659012098,2.80462791532269e-05,0.000156192663007773,3.03834690826625e-05,1.52662330564504e-05,7.51965455557532e-06,0.0050318657645417,0.000176428430215282,3.70419712498459e-05,2.17665849026229e-05,3.66837201967931e-05,3.36770629076782e-07,5.54616430929568e-06,0.000216444110856425,0.000516885228877537,2.13395602252813e-06,1.09061763814981e-05,0.000128339798453664,0.000165635634129565,0.000164852099567847,9.41761098615777e-05,4.63622615119065e-05,0.00152425430180581,0,7.01156978830672e-06,6.22911924671307e-05,3.917312004862e-06,3.62772523829782e-05,4.17279750268115e-05,0.00107713970660944,1.3819905669706e-05,4.67437985887115e-06,7.04205487434283e-05,7.95633981209723e-06,2.09269746017721e-06,2.7639811339412e-05,0.000354643167553485,2.10347093649202e-05,0.000166172754728499,1.41247565300672e-05,0.000414826868925969,0.00153441599715118
"9",0.681726697382289,0.00313029853768918,0.141254721513224,0.0313029853768918,0.0240641700084855,0.000684752805119508,0.010564757564701,0.0131081251265734,0.0449002196499791,0.0291509051322305,0.00166297109814738,1.97581900383349e-06,2.88006667009933e-05,0.000229398552823614,0.00355093240369116,1.46693053708182e-05,9.55973535953022e-06,2.35221807770795e-05,4.16548224792217e-06,0.000406938809899593,0.00218263585628461,5.86930975816721e-05,0.000401069500141426,3.97919328016162e-05,0.000156514926884459,2.83683304978082e-05,1.46960796736026e-05,7.4344590270118e-06,0.0048439389015703,0.000169839295492538,3.55093240369116e-05,2.09536605899007e-05,3.25944176243654e-05,3.24193137779363e-07,5.86930975816721e-06,0.000214229806173103,0.000497580934183566,2.34772390326688e-06,1.04988595709364e-05,0.000127168378093623,0.00016531889152171,0.000158695310143068,9.06588815170039e-05,4.46307538020648e-05,0.00138906997609957,0,7.5268114228068e-06,6.09684446275505e-05,3.77101077370803e-06,3.33572437922503e-05,4.01695456465611e-05,0.000909743012515917,1.53955729615569e-05,4.81005550290234e-06,7.26689163011027e-05,7.65919158684879e-06,2.01454075106732e-06,0,0.000381505134280868,2.85046965054793e-05,0.000176079292745016,1.5162383541932e-05,0.000361940768420311,0.00135972342730874
"10",0.685858041705026,0.00310343005296392,0.142660800247185,0.0297735320706226,0.0246074149201998,0.000678875324085857,0.00911632578058151,0.013480524292562,0.041993287904168,0.0290946567465367,0.00145473283732684,1.95885983457689e-06,2.90946567465367e-05,0.000227429542060478,0.00342347127717582,1.45433934162424e-05,9.47768069273328e-06,2.33202813903903e-05,4.12972840693733e-06,0.000404904416778031,0.00216390150316803,6.29535069085722e-05,0.000349135880958441,3.94503842477655e-05,0.000184266159394733,2.56234579298484e-05,1.45699379055006e-05,7.15165320702185e-06,0.00480236162169749,0.000164869721563708,3.53524814544579e-05,2.07738077411326e-05,3.2314647946961e-05,3.2141047080189e-07,5.29320293364699e-06,0.000222746427826824,0.000493310017027032,2.07940863161682e-06,1.04087440613076e-05,0.000116378626986147,0.00015686662385207,0.000184266159394733,7.7585751324098e-05,4.4247671897138e-05,0.00149352571298889,0,7.462206077563e-06,6.04451304121571e-05,3.73864282408526e-06,3.37580737652858e-05,3.98247559050619e-05,0.000843745045649566,1.52634271895247e-05,4.76876905649753e-06,0.000106680408070635,7.59344997476888e-06,1.99724921904673e-06,0,0.000358834099873953,2.82600303838828e-05,0.000203662597225757,1.4053754034264e-05,0.000310343005296392,0.00128986311576313
"11",0.686271677718592,0.00304791146264704,0.1425636006722,0.0294959173804553,0.0249467895000752,0.00078655779681214,0.00983197246015175,0.0117983669521821,0.0422774815786525,0.0285127201344401,0.0016714353182258,1.98587556278524e-06,5.89918347609105e-06,0.000230566149686201,0.00355917403057493,1.47439694640153e-05,9.60839267177376e-06,2.36419043940705e-05,3.9327889840607e-05,0.000442438760706829,0.00219374507535596,6.88238072210623e-05,0.000351809809182107,3.99944664938457e-05,0.000137647614442125,2.59768453253996e-05,1.47708800431256e-05,7.25028564405023e-06,0.0048685936685443,0.000157311559362428,9.83197246015175e-05,2.10603109068419e-05,4.91598623007588e-05,6.88238072210623e-06,5.36620444671235e-06,0.000176975504282732,0.000500113530533827,2.10808691550129e-06,1.96639449203035e-05,0.000117983669521821,0.000147479586902276,0.000196639449203035,0.000108151697061669,4.48579162120835e-05,0.00149445981394307,0,7.56512152238844e-06,6.12787629089335e-05,3.79020453188117e-06,3.42236501835585e-05,4.03740013194116e-05,0.000943869356174568,1.54739336245445e-05,4.83453780954697e-06,6.88238072210623e-05,7.69817547736025e-06,2.02479439666163e-06,3.9327889840607e-05,0.000373614953485767,5.89918347609105e-05,0.000176975504282732,1.42475771923047e-05,0.000422774815786525,0.00133714825458064
"12",0.683059388594235,0.00305553261853121,0.14252581181923,0.0293725393652355,0.0250091677462676,0.000788524546717732,0.0100536879706511,0.0131092205891823,0.0442559401845327,0.0292739737968958,0.00167561466177518,1.99084114902881e-06,2.95696705019149e-05,0.000231142669243907,0.0033019465393805,1.4780836049877e-05,9.63241799509608e-06,2.37010198378732e-05,4.19715239534732e-06,0.000369620881273937,0.00219923042930876,5.61823739536384e-05,0.000295696705019149,3.05553261853121e-05,0.000167561466177518,2.60417991765958e-05,1.48078139175949e-05,6.70245864710072e-06,0.00488076735263564,0.000157704909343546,3.59296635509478e-05,2.11129712004092e-05,3.05553261853121e-05,3.26657977108066e-07,6.89958978378015e-06,0.000185303268478667,0.000501364040341178,2.06987693513405e-06,1.05786823647014e-05,0.000103493846756702,0.000153762286609958,0.000147848352509575,7.88524546717732e-05,4.49700812720864e-05,0.00138977451359,0,5.91393410038299e-06,5.51967182702412e-05,3.79968175585055e-06,3.05553261853121e-05,3.94262273358866e-05,0.000847663887721562,1.28135238841631e-05,5.32254069034469e-06,6.89958978378015e-05,7.71742439454686e-06,2.02985729757573e-06,2.85840148185178e-05,0.000335122932355036,2.46413920849291e-05,0.000137991795675603,1.43905729775986e-05,0.000404118830192838,0.00126163927474837
"13",0.679378788854347,0.003120442262572,0.144320454643955,0.029644201494434,0.0247423064735427,0.000799613329784074,0.0106290064568859,0.0129693381538149,0.0456364680901154,0.0290591185702017,0.00161872942370922,1.96959780306013e-06,2.87099829239844e-05,0.000228676252627358,0.00326768813183711,1.46231165783525e-05,9.52963491364095e-06,2.34481172070067e-05,4.1523665215667e-06,0.000394930973856768,0.00217576345762322,6.32986019282165e-05,0.000407607770548467,3.96666411617247e-05,0.000137494487194579,2.57639191710386e-05,1.464980657771e-05,7.19085674031429e-06,0.00482868693953222,0.0001693045277054,3.55462747136597e-05,2.08876844406614e-05,3.24917885800356e-05,3.23172360777239e-07,5.32221891798319e-06,0.000223967466759543,0.000496014216338182,2.09080741776576e-06,1.04658021334103e-05,0.000111165755604127,0.000157726526553255,0.000174549739062621,7.80110565642999e-05,4.44902263147137e-05,0.00148611062754991,0,7.50311198224383e-06,6.07764751535593e-05,3.75913710759983e-06,3.39431268894287e-05,6.63093980796549e-05,0.000891276321247127,1.53470973925756e-05,4.79491022848372e-06,4.09558046962575e-05,7.63507532491842e-06,2.00819762831458e-06,3.99806664892037e-05,0.000386154729993285,2.84149446407587e-05,0.000158947527749761,1.41307931185453e-05,0.000384204453579177,0.00121307192957486
"14",0.667443001692181,0.003042697494564,0.15154974059463,0.03296255619111,0.0247444720420057,0.000780178844760001,0.00955719084831001,0.014530830983655,0.0454454177072701,0.029744318456475,0.001384817449449,1.96977019195571e-06,2.87124957630223e-05,0.000228696267498706,0.00371560174816951,1.46243964655016e-05,9.5304689942007e-06,2.34501695016541e-05,4.15272995712578e-06,0.00040715963270177,0.00217595389115179,0.0001072745911545,0.000331576009023001,3.96701129814285e-05,0.000253558124547,9.75223555950002e-06,9.75223555950002e-06,7.19148611949507e-06,0.00482910956998363,0.000175540240071,2.92567066785e-05,2.08895126336287e-05,2.92567066785e-05,3.23200646413154e-07,5.3226847447829e-06,0.0001072745911545,0.000496057629944155,2.0909904155235e-06,1.04667181519337e-05,0.0001657880045115,7.80178844760001e-05,0.0001657880045115,8.77701200355001e-05,2.92567066785e-05,0.0015311009828415,0,7.50376869154053e-06,6.07817946098527e-05,3.75946612578481e-06,1.9504471119e-05,4.00465697948456e-05,0.000955719084831001,1.9504471119e-05,4.79532990263111e-06,4.87611777975001e-05,9.75223555950002e-06,2.00837339565688e-06,2.92567066785e-05,0.000497364013534501,2.92567066785e-05,5.85134133570001e-05,1.41320299151215e-05,0.000409593893499001,0.0014725875694845
"15",0.685321589937254,0.00280314895743023,0.144410501462096,0.0340244287246704,0.0245257438254376,0.000773282471015237,0.0123725195362438,0.014209065404905,0.0327678447092707,0.02841813080981,0.000966603088769046,1.9523584516525e-06,2.84586922880156e-05,0.000226674711870408,0.00359576349022085,1.44951244344857e-05,9.44622462306922e-06,2.32428822439341e-05,4.11602199197424e-06,0.000289980926630714,0.00215671959457281,9.66603088769047e-05,0.000405973297283,3.93194498899407e-05,0.000154656494203047,2.55384146261324e-05,1.45215808235715e-05,7.12791713605823e-06,0.00478642276211553,0.000173988555978428,3.52351478835684e-05,2.07048602459934e-05,3.22073968324801e-05,3.20343721405273e-07,5.27563499000921e-06,0.000222007140718691,0.000491672739430892,2.07250715171928e-06,1.03741978269573e-05,0.000164322525090738,0.000156345989362701,0.000222318710416881,0.000144990463315357,4.41008155200567e-05,0.00169155540534583,0,7.43743929317414e-06,6.76622162138333e-05,3.72623440762387e-06,3.36460319742072e-05,5.79961853261428e-05,0.00120825386096131,1.52127684424587e-05,4.75294168938988e-06,0.000106326339764595,7.56824759676726e-06,1.9906204231833e-06,7.73282471015237e-05,0.000492967575272214,2.81662363942683e-05,0.000193320617753809,1.40071101474023e-05,0.000357643142844547,0.00143057257137819
"16",0.678664310277943,0.00301498063703457,0.143701025167751,0.0294645834982924,0.0248374965581962,0.000734167362914261,0.0103762320625216,0.0129605011799798,0.044735264646909,0.0292688055348486,0.00162495709658357,1.97717535779647e-06,6.85222872053311e-05,0.000229556029614564,0.00463993773361813,1.46793755090419e-05,9.56629789633887e-06,2.35383282091332e-05,4.16834175496392e-06,0.000408690311060155,0.00218413418522448,6.35421281040173e-05,0.00061670058484798,3.98192490414363e-05,0.000401344825059796,2.58630396653029e-05,1.47061681917649e-05,7.2185218354247e-06,0.00484726415338375,0.00016934793837889,3.56830304725752e-05,2.09680447923629e-05,3.26167929367953e-05,3.24415688856331e-07,5.34269487764721e-06,0.000224829127823489,0.000497922511965069,2.09885129739776e-06,6.85222872053311e-05,0.000131171235507348,0.000158333341501197,0.000234933556132564,4.89444908609508e-05,4.46613917803779e-05,0.00152804700467888,0,7.53197840443927e-06,6.10102980520426e-05,3.77359948522331e-06,3.40737149219334e-05,4.01971211088493e-05,0.000887853064217647,1.54061416656529e-05,4.81335749454775e-06,0.000127255676238472,7.6644494443964e-06,2.01592368661252e-06,1.85989065271613e-05,0.000479656010437317,2.8524264319127e-05,0.000215355759788183,1.41851579529075e-05,0.000489444908609508,0.00137534019319272
"17",0.683237948493515,0.00302465415436805,0.141412402022402,0.0295787607563525,0.0254542323640324,0.000746343232896012,0.00993814936435216,0.0131592096326402,0.0450555625332487,0.0289699018032005,0.00161053013414403,1.98351909342781e-06,2.35687336704004e-05,0.000230292556477857,0.00342041247391685,1.94442052780803e-05,9.5969912107107e-06,2.36138505601345e-05,4.18171581306671e-06,0.000376117708156806,0.00219114194495597,8.93647818336014e-05,0.000287734956892805,3.99470084675093e-05,0.000127663974048002,2.54345917526404e-05,1.32574126896002e-05,6.87421398720011e-06,0.00486281652318399,0.000161053013414403,2.93627140310405e-05,2.10353204299762e-05,3.04429476576005e-05,3.25456571424814e-07,4.62536398281607e-06,0.000192477991641603,0.000530296507584008,1.92477991641603e-06,2.25867031008004e-05,0.000110969454364802,0.000152214738288002,0.000128646004617602,5.69577730368009e-05,4.11470808662407e-05,0.00137582482800962,0,7.55614463713601e-06,8.74007206944014e-05,8.74007206944014e-08,3.25052118537605e-05,5.59757424672009e-05,0.000784642425110413,1.27663974048002e-05,4.48787970307207e-06,5.69577730368009e-05,7.68904070831406e-06,1.88549869363203e-06,2.84788865184005e-05,0.000369243494169606,2.55327948096004e-05,0.000120789760060802,1.30610065756802e-05,0.000337818515942405,0.00125208897624002
"18",0.674846512779004,0.00317061508159101,0.147186351494041,0.0307365437573196,0.0246019639360051,0.000775685646872418,0.0103844915975045,0.0137975084437431,0.0471229030474994,0.0281961732638124,0.00138653809378445,1.95842591195509e-06,1.74529270546294e-05,0.000227379162333749,0.00345374034269944,1.45401717934955e-05,9.47558121630204e-06,2.3315115529381e-05,4.128813597952e-06,0.000404814723180252,0.00163863592901798,7.36901364528797e-05,0.000375237931674532,3.94416452793811e-05,0.000200708661128238,2.56177818738855e-05,1.45667104026727e-05,7.1500689874391e-06,0.00480129781237896,0.000156106736433074,3.5344650245114e-05,2.07692059697548e-05,3.23074896722788e-05,3.21339272612156e-07,5.29203039416552e-06,0.000222697085493976,0.000493200740001606,2.0789480052722e-06,1.04064383376243e-05,0.000134775381144083,0.000156831875078577,0.000154167522315893,7.85381717458323e-05,4.4237870243411e-05,0.00145441058788578,0,7.4605530649439e-06,7.46597435114702e-05,3.7378146475779e-06,3.37505957458703e-05,4.84803529295261e-05,0.000863919889204156,1.52600460663699e-05,4.76771268853529e-06,4.84803529295261e-05,7.59176788927026e-06,1.99680679248704e-06,0,0.000374268324615942,2.82537702797856e-05,0.000160954771726027,1.4050640875431e-05,0.000418870249311106,0.00135357145379237
"19",0.67992814121323,0.0030563984793618,0.146938526263324,0.0302554524550073,0.0244638453031705,0.000761689210945053,0.0115699626978995,0.0134115150939819,0.0414590330008067,0.028760998939862,0.0016969278623586,1.94743105357018e-06,1.15699626978995e-05,0.000226102626073543,0.00348063044495145,1.44585413734802e-05,9.42238406804538e-06,2.31842214312645e-05,4.10563390014977e-06,0.000443515236752816,0.00215127642608836,7.13481033037139e-05,0.000250682525121157,3.92202147408718e-05,0.000134982898142161,2.5473960306718e-05,1.44849309914457e-05,7.10992756800661e-06,0.00477434270052682,0.000125341262560578,3.51462207708423e-05,2.065260493981e-05,3.21261112134102e-05,3.19535232043497e-07,5.26232024562362e-06,0.000125341262560578,0.000490431846749863,2.06727652014324e-06,1.0348015236135e-05,0.000125341262560578,0.000173549440468493,0.000183191076050076,7.90614117689802e-05,4.39895130726816e-05,0.00137875388816636,0,2.21757618376408e-05,6.00924690597679e-05,3.71683006885665e-06,3.35611155013704e-05,2.31399253957991e-05,0.000829180660016134,1.51743741783384e-05,4.74094612794682e-06,6.8455612629239e-05,7.54914671461969e-06,1.9855964588352e-06,3.37457245355403e-05,0.000289249067447489,1.15699626978995e-05,0.000154266169305327,1.39717587458086e-05,0.000414590330008067,0.00119556281211629
"20",0.688817973746966,0.0030382996119762,0.13653303945814,0.02891804934446,0.024780187956783,0.000736379912385102,0.0100397685667359,0.0135263418919545,0.0454133500343597,0.0281465107094677,0.00180969758308965,1.97261333785865e-06,2.87539390821593e-05,0.000229026365323626,0.00343774176604186,1.46455051679602e-05,9.54422517448236e-06,2.3484017233544e-05,4.15872396455458e-06,0.000405301941166867,0.00217909464047163,7.61772323157002e-05,0.00045901665626127,3.97273724118194e-05,0.0001523544646314,2.71503469022624e-05,1.49424571080797e-05,6.6410920480354e-06,0.00483607985674339,0.000234391484048308,3.45727438971255e-05,2.09196643399045e-05,3.60376906724274e-05,3.23667150880239e-07,5.46913462779386e-06,0.00021778875392822,0.00049677363439176,2.14858860377616e-06,1.0481825704557e-05,0.000104499536638204,0.000166027301200885,0.000156260989365539,9.05117920866297e-05,4.59016656261271e-05,0.00133798472144243,0,7.51459955358683e-06,6.43599949949313e-05,3.76489250027074e-06,3.41820914237116e-05,4.01043725991037e-05,0.000840879449023306,1.10359323739412e-05,4.98081903602655e-06,6.6410920480354e-05,7.64676493753672e-06,2.14858860377616e-06,3.17405134648751e-05,0.000304708929262801,2.84584490832541e-05,0.000163097407650281,1.43564783979589e-05,0.000419951408919886,0.0012891531622657
"21",0.678323413422779,0.00302561522533901,0.139568702330154,0.0298657502888303,0.0247642974737865,0.000780803929119745,0.0109312550076764,0.0130784658127557,0.0443106229775455,0.0287921448862906,0.00165920834937946,1.97134838463236e-06,2.87355004011911e-05,0.000228879500434212,0.00319153606027696,1.65920834937946e-05,9.53810486788442e-06,2.34689579298296e-05,4.15605715135037e-06,0.000409922062787866,0.00204961031393933,6.53923290637787e-05,0.00024400122784992,3.97018969337114e-05,0.00015420877600115,2.73281375191911e-05,1.46400736709952e-05,7.80803929119745e-06,0.0117120589367962,0.000166896839849346,3.55778682975776e-05,2.09062494468833e-05,3.25206673319558e-05,3.23459596871102e-07,5.07522553927834e-06,0.000216673090330729,0.000517282603041831,2.1472108050793e-06,1.0475104154526e-05,0.000126880638481959,0.000174704879140543,0.000156160785823949,7.02723536207771e-05,4.78242406585844e-05,0.00143472721975753,0,7.50978075977299e-06,6.08304933786324e-05,3.76247823447245e-06,3.61121817217882e-05,3.51361768103885e-05,0.000995525009627675,1.53607379164638e-05,4.79917195210743e-06,7.71043880005748e-05,7.64186139167056e-06,1.95200982279936e-06,0,0.000372833876154678,2.84401998874832e-05,0.000234241178735924,1.36640687595955e-05,0.000370881866331879,0.00138592697418755
"22",0.6827729903445,0.00309239307652088,0.143854994382459,0.0299453253612465,0.0254437405030199,0.000763312215090597,0.0105689383627929,0.0135047545746798,0.0440372431783037,0.0289667199572842,0.00178106183521139,3.91442161584922e-07,2.64223459069822e-05,0.000293581621188691,0.00329790021135297,1.69298734885479e-05,9.56351843955885e-06,2.35314892243305e-05,4.16713065680684e-06,0.000391442161584922,0.00218349959213159,4.89302701981152e-05,0.000293581621188691,3.98076796879703e-05,0.000137004756554723,3.22939783307561e-05,2.7596672391737e-05,6.65451674694367e-06,0.00234865296950953,0.000205507134832084,3.56726628839789e-05,2.0961952595058e-05,3.26073162335551e-05,1.95721080792461e-08,5.34114257500494e-06,0.000244651350990576,0.000411014269664168,2.0982414829709e-06,1.95721080792461e-06,8.80744863566074e-05,0.000166362918673592,0.000146790810594346,4.89302701981152e-05,6.55665620654744e-05,0.0014874802140227,0,5.87163242377383e-06,7.82884323169844e-05,3.77250307815049e-06,4.79516647941529e-05,3.42511891386807e-05,0.000851386701447205,1.5401665461235e-05,4.81195898916272e-06,7.26976736166163e-05,7.6622225635064e-06,2.0153379665336e-06,0,0.000293581621188691,2.85159766867831e-05,0.000137004756554723,1.37004756554723e-05,0.00035229794542643,0.00117432648475477
"23",0.681699673651086,0.00324151141649652,0.141447770901666,0.0290753751297869,0.0249234193472153,0.000687593330771989,0.0114926313857604,0.0137518666154398,0.0442024284067707,0.0291736027484687,0.00147341428022569,9.82276186817127e-07,2.45569046704282e-05,0.000294682856045138,0.00356566255814617,9.82276186817127e-06,9.59939152934312e-06,4.81315331540392e-05,4.91138093408563e-06,0.000400768684221388,0.00271108227561527,6.28656759562961e-05,0.000304505617913309,3.04505617913309e-05,0.000151270532769838,2.65214570440624e-05,1.37518666154398e-05,7.7599818758553e-06,0.00486403276990656,0.00015716418989074,3.14328379781481e-05,2.10405816071992e-05,3.43796665385994e-05,3.25537971882028e-07,5.20606379013077e-06,0.000215118484912951,0.000451847045935878,1.76809713627083e-06,1.05424114625243e-05,0.000117873142418055,0.00015716418989074,0.000117873142418055,9.10349571995699e-05,4.32201522199536e-05,0.00149305980396203,0,6.87593330771989e-06,5.58915150298945e-05,3.78665386820639e-06,3.73264950990508e-05,0.000127695904286226,0.000795643711321873,8.84048568135414e-06,4.91138093408563e-06,6.58125045167475e-05,5.89365712090276e-06,1.96455237363425e-06,3.33973903517823e-05,0.000363442189122337,1.96455237363425e-05,0.000137518666154398,1.37518666154398e-05,0.00034183211301236,0.00132607285220312
"24",0.683005662074091,0.00308610207084469,0.142212227089081,0.0294098755340685,0.0245467280995677,0.000744921189514235,0.0101580162206487,0.01288616914848,0.0440180702894775,0.0290132291864051,0.00162528259530379,1.9540288933419e-06,2.84830416005016e-05,0.000226868655194864,0.00346339981618307,1.45075264911511e-05,9.45430683123366e-06,2.32627688991993e-05,4.11954366839799e-06,0.000464366455801082,0.00215856488805367,4.83715058126127e-05,0.000415994949988469,3.93530916877596e-05,9.19058610439641e-05,3.77297745338379e-05,1.45340055163748e-05,7.13401579582668e-06,0.00479051803474244,0.000157691108949117,3.5265295144645e-05,2.07225753646997e-05,3.19251938363244e-05,3.20617808116513e-07,5.28014883357003e-06,0.00135440216275316,0.000492093415583263,2.07428039287021e-06,1.03830740108003e-05,0.000124798484996541,0.000174137420925406,0.000164463119762883,7.83618394164325e-05,4.41385482636106e-05,0.00141921998054206,0,7.44380278070238e-06,6.02960605972536e-05,3.72942258103215e-06,3.36748195846202e-05,3.97265400694625e-05,0.000852305932418235,1.52257845167334e-05,4.75700831554582e-06,7.6426979183928e-05,7.57472300413454e-06,1.99232360188999e-06,3.48274841850811e-05,0.000309577637200721,2.90229034875676e-05,0.000179942001622919,1.74137420925406e-05,0.000377297745338379,0.0012866820546155
