"","SiO2","TiO2","Al2O3","Fe2O3T","Fe(II)O","MnO","MgO","CaO","Na2O","K2O","P2O5","Ag","As","Ba","Be","Cd","Ce","Cl","Co","Cr","Cs","Cu","Dy","Er","Eu","Ga","Gd","Ge","Hf","Hg","Ho","La","Li","Lu","Mo","Nb","Nd","Ni","Pb","Pr","Rb","S","Sb","Sc","Sm","Sn","Sr","Ta","Tb","Th","Tl","Tm","U","V","W","Y","Yb","Zn","Zr","Rest"
"1",0.397245098649765,9.26843440620077e-05,0.00333663638623228,0.0803573263017607,0.0673337240032523,0.00111221212874409,0.440806740358909,0.00398542679466633,9.26843440620077e-05,9.26843440620077e-05,5.61419250834677e-05,3.98338514422126e-08,3.57538113344654e-07,1.00099091586968e-06,7.52690720124916e-08,1.85368688124015e-08,4.44884851497637e-07,6.90602040789631e-05,0.000111221212874409,0.00266930910898582,6.0244823640305e-09,5.60740281575147e-06,4.7269015471624e-09,2.03905556936417e-07,1.01952778468209e-09,4.7269015471624e-07,1.57563384905413e-07,7.70496613424863e-07,1.57563384905413e-08,7.80124264946118e-09,1.01952778468209e-09,3.89274245060432e-08,1.86295531564636e-06,2.68784597779822e-09,4.23927135678362e-07,2.4097929456122e-08,2.4097929456122e-07,0.00221700950996323,0.000226149799511299,2.13173991342618e-06,6.58058842840255e-08,6.86159943508298e-05,1.88194871914422e-06,9.45380309432479e-06,3.24395204217027e-09,3.82603516831388e-07,2.87321466592224e-07,1.11221212874409e-07,8.34159096558069e-10,1.01952778468209e-08,1.56439366187003e-08,1.29758081686811e-09,2.50247728967421e-09,3.38297855826328e-05,6.21081965729967e-06,3.33663638623228e-08,1.29758081686811e-08,6.0337507984367e-05,7.2293788368366e-07,1.11022302462516e-16
"2",0.413662869796757,2.80196118625033e-05,0.00550118379567148,0.0839654368813016,0.0673337246755159,0.00122352305132931,0.420574374056175,0.00434303983868801,0.000579071978491735,0.00016811767117502,5.61419256439918e-05,3.9833851839916e-08,3.57538116914335e-07,1.26742044324723e-05,7.52690727639822e-08,1.08854813724394e-07,4.76333401662556e-07,6.9060204768464e-05,8.24897373232097e-05,0.000461464327634188,2.33790124459222e-08,6.72470684700079e-06,1.8301184994736e-08,2.5217650676253e-07,7.36223695836929e-09,3.64254954212543e-07,2.14817024279192e-07,7.70496621117544e-07,4.29634048558384e-07,7.80124272734922e-09,3.80480026364101e-09,4.10954307316715e-08,7.24773960176752e-06,4.8377769213078e-09,4.23927139910874e-07,1.34129624786851e-07,1.85863425354605e-07,0.00155882440661727,0.000162887343627353,2.97941872804618e-06,2.24580489952977e-07,6.86159950358957e-05,1.63074141039769e-05,9.90960272870534e-06,2.36300454308673e-08,3.82603520651323e-07,3.80132734267962e-06,9.33987062083444e-09,4.92034339930546e-09,7.46547654590627e-08,1.56439367748902e-08,3.60251956682166e-09,2.40444300577772e-08,1.45048190741559e-05,6.21081971930884e-06,8.59268097116768e-07,2.80132591166893e-08,3.26241680785747e-05,3.4015808801079e-05,0
"3",0.392246942747745,0.000359859580502518,0.00274629679857185,0.076612210691194,0.0673337249944737,0.00104169878566518,0.433536094615929,0.00236749724014815,0.00814419050610962,0.0113639867527111,0.000189399779211852,3.98338520286077e-08,3.57538118607981e-07,1.89399779211852e-06,7.52690731205294e-08,1.08854814240036e-07,7.57599116847407e-07,6.90602050956e-05,7.00779183083851e-05,0.000364689274872421,2.33790125566679e-08,9.46998896059259e-06,2.65159690896592e-08,2.71788683169007e-07,9.46998896059259e-09,5.71918516232659e-07,3.78799558423703e-07,7.70496624767362e-07,7.21715335399161e-08,7.80124276430346e-09,5.68199337635555e-09,1.85074318841811e-07,2.84099668817778e-06,4.73499448029629e-09,1.88452780315792e-05,2.84099668817778e-06,3.26714619140444e-07,0.00250481208007674,0.000126329652734305,2.56636700832059e-06,2.24580491016808e-07,6.86159953609275e-05,2.36749724014815e-06,9.00690650041961e-06,2.9356965777837e-08,3.82603522463704e-07,5.29193890544093e-07,1.789827913552e-07,5.68199337635555e-08,1.79929790251259e-07,1.5643936848995e-08,4.73499448029629e-09,2.40444301716749e-08,2.91736602039822e-05,6.21081974872929e-06,1.74247796874904e-07,2.55689701936e-08,6.34489260359703e-05,2.00942720803439e-06,0.000684760185095112
"4",0.361137616516748,0.000163013507455477,0.0040780247222241,0.0916279220477762,0.0673337210487922,0.00124320191400111,0.458139610238881,0.00913592184640584,0.000342149229934023,0.000132257971335908,5.61419226200799e-05,1.51369685494371e-08,2.0081114489845e-07,9.37596371452709e-07,7.52690687098453e-08,8.97469969617515e-08,5.49767532286657e-07,6.90602010487487e-05,0.000119415186615065,0.00332764309433372,9.20757613539726e-08,1.43935553011512e-05,1.8301184008999e-08,2.62254697708591e-07,9.5837611526022e-09,5.46811792865761e-07,4.65752878444219e-09,3.41092329171399e-06,1.85405472765295e-08,7.8012423071593e-09,1.03003040425164e-08,6.53845387046692e-08,2.05807897843477e-06,6.18018242550983e-09,3.13935353643652e-07,1.71074614967011e-08,2.22128295873397e-07,0.0026048752380634,0.000174349215973919,2.4861351244185e-06,2.56343218866799e-07,0.000160326471618299,2.27681503270232e-06,1.57518519168447e-05,1.88092508602473e-09,8.03065443871321e-07,4.35747644929063e-07,6.53845387046692e-09,1.25395005734982e-09,7.43413248285965e-09,1.56439359322777e-08,2.50790011469964e-09,6.53845387046692e-09,4.09142407426549e-05,7.95819403897064e-06,3.3140108658531e-08,1.72865972191797e-08,5.9568807906542e-05,8.1802327669828e-07,0
"5",0.40095219723588,7.58265846876287e-05,0.0036552444348292,0.0872572453545125,0.0673337249927837,0.00103096637905439,0.429256910551737,0.00440503816505058,0.000368396034795281,0.000132257979082759,5.61419259085253e-05,3.98338520276079e-08,3.57538118599008e-07,3.28971999134628e-07,3.18662335344084e-09,1.08854814237304e-07,5.38914243596613e-07,6.90602050938667e-05,0.00011153181737043,0.0026327132352398,9.84104270915555e-09,6.12019132293197e-06,5.18294916015525e-09,2.51180899624161e-07,1.2840217630041e-09,5.52035633875487e-07,1.07782848719323e-07,9.14748350870077e-07,1.58393925509265e-08,7.80124276410766e-09,1.39649082253731e-09,3.04603702902434e-08,1.93071885532004e-06,3.45842358064609e-09,4.23927141908364e-07,1.05908364393769e-08,1.89322916880897e-07,0.00224282049552469,0.000223063634740859,2.23063634740859e-06,2.455574466475e-07,6.86159953592054e-05,1.8819487468012e-06,8.58513821103474e-06,4.66746597062806e-09,3.82603522454101e-07,1.79013253090353e-07,1.1153181737043e-08,9.46614584404486e-10,2.95231281274666e-09,1.56439368486024e-08,1.73389800113693e-09,2.03381549322548e-09,3.25223030483521e-05,6.21081974857342e-06,2.70862985042472e-08,1.43398050904838e-08,6.33575702037062e-05,6.15768100944304e-07,1.11022302462516e-16
"6",0.427580682782719,9.92066549379858e-05,0.00436509281727138,0.0859129631762957,0.0673337249944737,0.00128968651419382,0.398314719576013,0.00476191943702332,0.000297619964813957,0.000198413309875972,1.78571978888374e-05,3.98338520286077e-08,3.57538118607981e-07,4.67263344757913e-05,8.92859894441872e-08,1.08854814240036e-07,9.92066549379858e-07,6.90602050956e-05,0.000115377339692877,0.00291270738897926,1.19047985925583e-07,4.06747285245742e-06,2.97619964813957e-08,2.67857968332562e-07,9.92066549379858e-09,7.7381190851629e-07,2.38095971851166e-07,7.70496624767362e-07,9.92066549379858e-08,7.80124276430346e-09,6.94446584565901e-09,2.7777863382636e-07,2.05807909903591e-06,4.96033274689929e-09,2.57937302838763e-07,4.76191943702332e-07,4.1666795073954e-07,0.00220933220546894,0.000324405761647214,2.57937302838763e-06,1.28968651419382e-06,6.86159953609275e-05,1.88194874684843e-06,8.53177232466678e-06,3.96826619751943e-08,1.88492644382173e-07,3.07540630307756e-06,1.98413309875972e-08,6.94446584565901e-09,6.94446584565901e-08,1.98413309875972e-08,7.93653239503887e-09,1.98413309875972e-08,3.42262959536051e-05,6.25001926109311e-06,2.28175306357367e-07,2.7777863382636e-08,8.10518370843344e-05,2.67857968332562e-06,0.00392822583382346
"7",0.400765087521178,7.58265846895317e-05,0.00344283915446566,0.0833725373621955,0.0730440198987985,0.00120964618940685,0.427377303688129,0.00446638593011761,0.000372198827509801,0.000132257979086079,5.61419259099343e-05,3.98338520286077e-08,9.30497068774503e-07,4.83858475762742e-07,7.52690731205294e-08,1.08854814240036e-07,3.72198827509801e-07,6.90602050956e-05,0.000113520642390489,0.00285104301872508,2.33790125566679e-08,5.42479791095535e-06,1.83011850814282e-08,2.04709355130391e-07,7.36223699324398e-09,5.71918516232659e-07,5.93872370502331e-08,1.86099413754901e-06,7.21715335399161e-08,7.80124276430346e-09,3.80480028166422e-09,9.30497068774503e-08,2.05807909903591e-06,4.8377769442242e-09,4.23927141919003e-07,1.34129625422219e-07,1.86099413754901e-07,0.00222016600609596,0.00022518029064343,2.38207249606273e-06,2.24580491016808e-07,6.86159953609275e-05,1.39574560316175e-06,8.37447361897053e-06,2.3630045542802e-08,3.82603522463704e-07,1.48879531003921e-07,3.47461098253407e-08,4.92034342261297e-09,7.46547658126999e-08,1.5643936848995e-08,3.60251958388668e-09,2.40444301716749e-08,3.07064032695586e-05,5.58298241264702e-06,2.34539713366041e-07,2.80132592493872e-08,7.44397655019602e-05,7.44397655019602e-07,1.77818932245444e-07
"8",0.405191696796162,7.58265846895317e-05,0.00358576722828462,0.0853035151149814,0.0673337249944737,0.00119840115261091,0.426045764097501,0.00443502788761518,0.000368396034804526,0.000132257979086079,5.61419259099343e-05,3.98338520286077e-08,3.57538118607981e-07,3.96321641020931e-06,7.52690731205294e-08,1.08854814240036e-07,9.47397446630988e-07,6.90602050956e-05,9.0851895102346e-05,0.00284030509398334,1.50979672769879e-08,6.86889195150974e-06,2.83086886443522e-08,3.08564706223439e-07,7.54898363849393e-09,5.71918516232659e-07,3.01959345539757e-08,7.70496624767362e-07,5.75610002435162e-08,7.80124276430346e-09,4.71811477405871e-09,2.18920525516324e-07,2.05807909903591e-06,4.71811477405871e-09,4.23927141919003e-07,9.24750495715507e-08,3.66125706466956e-07,0.00239680230522182,0.000221156911919228,2.65158050302099e-06,3.6329483760252e-07,6.86159953609275e-05,1.88194874684843e-06,8.40768052737262e-06,2.64214427347288e-08,3.82603522463704e-07,2.07030876285696e-06,4.24630329665284e-08,4.71811477405871e-09,1.11347508667785e-07,1.5643936848995e-08,3.60251958388668e-09,3.3026803418411e-08,3.49140493280344e-05,6.21081974872929e-06,1.6796488595649e-07,2.5477819779917e-08,6.60536068368219e-05,1.90894923758415e-06,0.000444084829999136
"9",0.403390629466708,7.58265846895317e-05,0.00358385981478434,0.0848023792299363,0.0673337249944737,0.00118492537855304,0.428956121600968,0.00447513385249249,0.000368396034804526,0.000132257979086079,5.61419259099343e-05,3.98338520286077e-08,3.57538118607981e-07,1.37350020126813e-06,7.52690731205294e-08,9.10037701659898e-08,5.00989827511738e-07,6.90602050956e-05,0.000116559880468274,0.00272288909435827,2.33790125566679e-08,6.86889195150974e-06,2.34545799396881e-09,2.64022093553398e-07,7.36223699324398e-09,4.94891636727419e-07,5.93872370502331e-08,7.70496624767362e-07,1.87636639517505e-08,7.80124276430346e-09,1.40727479638129e-09,4.31564270890261e-08,2.00958840923248e-06,2.81454959276257e-09,4.23927141919003e-07,1.34129625422219e-07,2.0827666986443e-07,0.00225923895811052,0.000229010518531115,2.19794025158905e-06,2.24580491016808e-07,6.86159953609275e-05,1.88194874684843e-06,8.73542375273743e-06,2.3630045542802e-08,3.82603522463704e-07,5.29193890544093e-07,3.47461098253407e-08,4.92034342261297e-09,7.46547658126999e-08,1.5643936848995e-08,9.38183197587524e-10,2.40444301716749e-08,3.52118917718549e-05,7.59553116766859e-06,2.34539713366041e-07,1.26654731674316e-08,5.51651720181464e-05,7.09266497376168e-07,4.83903744602499e-05
"10",0.406041427573533,0.000186214825761767,0.00353808168947357,0.0827724900511054,0.0673337243323826,0.00121039636745148,0.428573421490706,0.0044691558182824,0.000186214825761767,9.31074128808834e-05,9.31074128808834e-06,3.98338516369223e-08,3.57538115092317e-07,1.21039636745148e-06,7.52690723804102e-08,1.08854813169669e-07,8.14639226510739e-07,6.90602044165325e-05,9.08518942090013e-05,0.00280253312771459,2.7932223864265e-08,6.86889188396808e-06,4.65537064404417e-08,2.64022090957275e-07,2.97943721218827e-07,4.65537064404417e-07,4.65537064404417e-08,7.70496617191086e-07,1.86214825761767e-07,7.80124268759401e-09,9.31074128808835e-09,4.65537064404417e-07,2.05807907879887e-06,9.31074128808835e-09,4.23927137750537e-07,1.86214825761767e-07,1.86214825761767e-07,0.00222825839627875,0.000220013102212002,2.34630680459826e-06,1.86214825761767e-07,6.86159946862279e-05,1.88194872834327e-06,8.94113405387855e-06,2.7932223864265e-08,9.31074128808835e-07,5.29193885340541e-07,9.31074128808834e-08,9.31074128808835e-09,4.65537064404417e-08,1.56439366951685e-08,1.86214825761767e-08,4.65537064404417e-08,4.65537064404417e-06,7.44859303047068e-06,4.65537064404417e-07,4.65537064404417e-08,6.2643280571725e-05,1.86214825761767e-06,0
"11",0.406178632506188,1.87784850904387e-05,0.00356791216718335,0.0830947965251911,0.0673337249944737,0.00112670910542632,0.428055567636549,0.00441294399625309,0.000187784850904387,9.38924254521933e-05,1.87784850904387e-05,3.98338520286077e-08,3.57538118607981e-07,2.4501523371756e-06,7.52690731205294e-08,1.03281667997413e-07,5.6335455271316e-07,6.90602050956e-05,0.000110793062033588,0.00286090220352833,2.33790125566679e-08,5.6335455271316e-06,1.83011850814282e-08,1.87784850904387e-07,7.36223699324398e-09,4.69462127260967e-07,5.93872370502331e-08,7.51139403617546e-07,7.21715335399161e-08,7.80124276430346e-09,3.80480028166422e-09,1.85074318841811e-07,1.87784850904387e-06,4.8377769442242e-09,1.87784850904387e-07,1.34129625422219e-07,2.8167727635658e-07,0.00233604354525057,0.00022346397257622,2.53509548720922e-06,2.24580491016808e-07,6.86159953609275e-05,1.4083863817829e-06,8.4503182906974e-06,2.3630045542802e-08,9.38924254521933e-08,5.29193890544093e-07,3.47461098253407e-08,4.92034342261297e-09,7.46547658126999e-08,1.5643936848995e-08,3.60251958388668e-09,2.40444301716749e-08,3.56791216718335e-05,6.94803948346231e-06,2.34539713366041e-07,2.80132592493872e-08,6.76025463255792e-05,9.38924254521933e-07,0.000103250084485862
"12",0.412758436780073,0.00083761576798662,0.0037227367466072,0.081714071588028,0.0673337243564473,0.00120988944264734,0.422251415483922,0.00446728409592864,0.000368396031313759,9.306841866518e-05,5.61419253779568e-05,3.98338516511586e-08,2.82927992742147e-07,2.75482519248933e-07,7.52690724073109e-08,1.08854813208573e-07,5.02569460791972e-07,6.90602044412142e-05,0.000107959365651609,0.00233043320337611,3.68550937914113e-09,4.7074006160848e-06,2.37324467596209e-09,2.8944278204871e-07,7.36223692348248e-09,5.71918510813397e-07,5.93872364875044e-08,7.70496617466457e-07,1.54493574984199e-08,7.80124269038212e-09,9.67911554117872e-10,2.97818939728576e-08,1.68453837783976e-06,3.44353149061166e-09,4.23927137902046e-07,2.10334626183307e-09,2.52215414582638e-07,0.00226156257356387,0.000221782041679124,2.53983714537276e-06,2.71759782502326e-08,6.86159947107508e-05,1.88194872901586e-06,7.19605013119172e-06,2.36300453188935e-08,3.82603518838312e-07,1.28434417757948e-07,1.64731101037369e-09,4.92034337598984e-09,1.40533312184422e-09,1.56439367007596e-08,1.44256048931029e-09,8.28308926120102e-10,3.35046307194648e-05,6.21081968987815e-06,2.2243352060978e-08,1.21919628451386e-08,6.5147893065626e-05,5.85400353403982e-07,0
"13",0.403600104053033,1.91850317555368e-05,0.00220627865188674,0.0845196573990176,0.0673337249944737,0.00116069442120998,0.421734960566089,0.0047099252959843,0.000115110190533221,5.75550952666105e-05,5.61419259099343e-05,3.98338520286077e-08,3.16553023966358e-07,2.4501523371756e-06,7.52690731205294e-08,1.20865700059882e-07,6.7147611144379e-07,6.90602050956e-05,0.000107632824406501,0.000663341657979442,2.33790125566679e-08,5.20873612162825e-06,1.83011850814282e-08,4.94014567705074e-07,7.36223699324398e-09,2.68590444577516e-07,5.93872370502331e-08,7.70496624767362e-07,2.56120173936417e-07,7.80124276430346e-09,3.80480028166422e-09,4.79625793888421e-08,1.63072769922063e-06,1.91850317555369e-09,1.35254473876535e-07,1.34129625422219e-07,2.01442833433137e-07,0.00236547604539418,0.000233385911306106,2.35975890593103e-06,9.59251587776843e-08,6.86159953609275e-05,1.56358008807625e-06,8.94113414179652e-06,2.3630045542802e-08,9.59251587776843e-08,9.59251587776843e-08,1.25661957998766e-07,4.92034342261297e-09,4.70033278010653e-07,2.68590444577516e-08,3.60251958388668e-09,2.40444301716749e-08,1.90699215650036e-05,6.65432826440796e-06,2.87775476333053e-08,6.7147611144379e-09,5.21832863750602e-05,2.30220381066442e-06,0.0108720829199555
"14",0.390050872906781,0.00027933936947251,9.31131231575033e-05,0.0890161457385731,0.0673337244092288,0.00102424435473254,0.440797525027621,0.00419009054208765,9.31131231575033e-05,9.31131231575033e-05,9.31131231575033e-05,3.98338516823836e-08,2.99824256567161e-06,9.31131231575033e-09,7.52690724663128e-08,1.08854813293902e-07,1.33803557977332e-06,6.90602044953491e-05,3.09135568882911e-05,0.00419381506701395,9.31131231575033e-09,5.30744801997769e-06,8.3801810841753e-08,1.93675296167607e-07,3.16584618735511e-08,5.71918511261712e-07,2.7933936947251e-08,7.70496618070433e-07,1.79708327693981e-06,7.80124269649736e-09,4.09697741893015e-08,3.72452492630013e-08,2.0580790811477e-06,9.31131231575033e-09,4.23927138234354e-07,1.57361178136181e-05,6.936927675234e-07,0.00214998201370675,0.000175052671536106,2.16953576956983e-06,2.23471495578008e-06,6.86159947645375e-05,1.88194873049109e-06,2.19746970651708e-05,2.36300453374166e-08,3.82603519138227e-07,6.14546612839522e-07,3.25895931051262e-07,9.31131231575033e-09,3.16584618735511e-07,1.56439367130226e-08,2.04848870946507e-08,1.02424435473254e-07,3.83626067408914e-05,6.21081969474668e-06,2.65372400998884e-05,8.3801810841753e-08,7.18833310775925e-05,4.26458104061365e-05,0
"15",0.404012535017119,7.58265846895317e-05,0.00392517383083947,0.0841108678037028,0.0702793028759828,0.0011214782373827,0.424853338928481,0.00504665206822217,9.34565197818921e-05,0.000132257979086079,5.61419259099343e-05,2.3364129945473e-08,3.57538118607981e-07,1.08409562946995e-06,5.04665206822217e-08,9.06528241884353e-08,6.07467378582298e-07,6.90602050956e-05,0.000109344128144814,0.00329901514830079,2.89715211323865e-08,4.26161730205428e-06,3.36443471214811e-08,2.3364129945473e-08,8.41108678037028e-09,9.62602153753488e-07,1.77567387585595e-08,1.48595866453208e-06,1.96258691541973e-08,5.60739118691352e-09,7.47652158255136e-09,2.24295647476541e-07,1.78501952783414e-06,3.73826079127568e-09,1.58876083629217e-07,4.48591294953082e-07,2.05604343520163e-07,0.00237379560246006,0.000238314125443825,8.13071722102461e-08,3.83171731105757e-07,6.86159953609275e-05,1.88194874684843e-06,8.80360416345423e-06,2.61678255389298e-08,4.39245642974893e-07,3.83171731105757e-07,3.36443471214811e-08,4.6728259890946e-09,1.96258691541973e-07,1.5643936848995e-08,3.73826079127568e-09,6.26158682538677e-08,3.24294123643165e-05,6.10271074175755e-06,2.89715211323865e-08,2.42986951432919e-08,6.68214116440528e-05,8.78491285949785e-07,1.7832183585309e-07
"16",0.403291547832662,6.56063405723597e-05,0.00546407093624081,0.0832357015175895,0.0673337249809264,0.00126995130679353,0.428784297312208,0.00471897035402616,0.00025267813454726,2.67111529473179e-05,5.61419258986388e-05,3.98338520205932e-08,2.4996015758069e-07,4.3956248183481e-06,7.52690731053855e-08,7.80996622842105e-08,8.10706922787016e-08,6.90602050817053e-05,0.000112468012409759,0.00278826947432529,1.54643517063419e-08,8.02927885262008e-06,1.8301185077746e-08,2.64022093500278e-07,1.87446687349599e-09,2.8744949505061e-07,4.68616718373998e-08,7.70496624612342e-07,7.45100582214656e-08,9.37233436747996e-09,6.56063405723597e-09,3.23345535678058e-08,2.05807909862184e-06,5.62340062048797e-09,4.23927141833711e-07,1.34129625395232e-07,4.07696544985378e-08,0.00211814756705047,0.000213033160172819,2.19312624199031e-06,2.24580490971623e-07,6.86159953471222e-05,1.35430231610085e-06,8.28982974803602e-06,7.49786749398396e-09,3.82603522386726e-07,5.29193890437622e-07,2.81170031024399e-09,3.74893374699198e-09,7.73217585317097e-08,1.56439368458475e-08,3.60251958316187e-09,9.84095108585396e-09,2.62734649323566e-05,6.69184673838069e-06,2.34539713318853e-07,3.18659368494318e-08,6.32163953086523e-05,4.2081781309985e-06,1.11022302462516e-16
"17",0.403537315818116,9.15881334130994e-05,0.00522052360454666,0.0832536132725073,0.0673337229498987,0.00119064573437029,0.426892289838456,0.00448781853724187,0.00228970333532748,0.000132257975070092,5.61419242051961e-05,1.74017453484889e-07,3.75511346993707e-07,2.19811520191439e-05,7.52690708349992e-08,1.19064573437029e-07,6.77752187256935e-07,7.23546253963485e-05,9.08518923436466e-05,0.00263682236096313,2.33790118467689e-08,6.86911000598245e-06,1.83011845257164e-08,3.66352533652398e-07,7.36223676969114e-09,7.23546253963485e-07,1.83176266826199e-08,9.98310654202783e-07,9.15881334130994e-09,7.80124252742030e-09,3.80480016613223e-09,1.85074313222067e-07,2.05807903654276e-06,4.83777679732608e-09,4.23927129046541e-07,1.341296213494e-07,2.65605586897988e-07,0.00225489984463051,0.000212108958171397,4.15810125695471e-06,6.96069813939555e-07,7.32705067304795e-05,1.0166282808854e-06,2.70459757968882e-05,2.36300448252805e-08,3.82603510846025e-07,1.83176266826199e-07,3.47461087702821e-08,4.92034327320774e-09,9.15881334130994e-09,1.56439363739701e-08,3.6025194744969e-09,2.40444294415707e-08,3.12956651872561e-05,6.21081956013901e-06,1.09905760095719e-07,2.80132583987702e-08,6.66120494313472e-05,6.96069813939555e-07,1.11022302462516e-16
"18",0.400039557351636,0.000187109241043796,0.000561327723131388,0.0848540408133614,0.0673337248176953,0.00120685460473248,0.435964531632044,0.004584176405573,9.35546205218979e-05,9.35546205218979e-05,9.35546205218979e-05,9.35546205218979e-08,9.35546205218979e-08,4.4906217850511e-06,7.52690729229175e-08,2.52597475409125e-06,1.30976468730657e-06,6.90602049142889e-05,0.000116288393308719,0.00223305523723718,9.35546205218979e-08,5.89394109287957e-06,1.83011850333801e-08,2.64022092860233e-07,7.36223697391512e-09,7.48436964175184e-07,5.93872368943175e-08,9.35546205218979e-08,5.61327723131388e-07,1.87109241043796e-08,3.80480027167508e-09,8.60702508801461e-06,2.05807909363262e-06,4.83777693152307e-09,1.87109241043796e-07,9.35546205218979e-08,3.18085709774453e-06,0.00216550880122037,0.000191506308208325,2.19794024581857e-06,3.74218482087592e-07,6.54882343653286e-05,3.36796633878833e-06,5.80038647235767e-06,3.08730247722263e-06,1.12265544626278e-06,9.35546205218979e-08,9.35546205218979e-08,4.92034340969507e-09,9.35546205218979e-08,9.35546205218979e-08,3.6025195744286e-09,2.80663861565694e-07,2.45113105767373e-05,1.05716721189745e-05,4.6777310260949e-07,9.35546205218979e-08,5.97814025134928e-05,3.74218482087592e-07,0
"19",0.40655427520087,5.60249345706297e-05,0.00345487096518883,0.0831036529464341,0.0673337246547125,0.00114851115869791,0.42793712522866,0.0043325949401287,0.000354824585613988,1.86749781902099e-05,1.86749781902099e-05,3.98338518276089e-08,3.5753811680387e-07,3.64162074709093e-07,7.52690727407271e-08,1.01778631136644e-07,4.31391996193849e-07,6.90602047471272e-05,0.000117652362598322,0.00280871671980757,3.73499563804198e-09,4.86483181854968e-06,1.86749781902099e-09,2.2690098501105e-07,7.36223695609466e-09,4.5286822111259e-07,9.33748909510495e-09,7.70496620879492e-07,1.58737314616784e-08,7.80124272493895e-09,9.33748909510496e-10,3.73499563804198e-08,1.59671063526295e-06,2.80124672853149e-09,1.25122353874406e-07,3.73499563804198e-09,1.97021019906715e-07,0.00224379862955372,0.000257714699024897,2.46042837656016e-06,2.24099738282519e-08,6.86159950146961e-05,1.46225079229344e-06,7.18052911413571e-06,9.33748909510496e-10,4.20187009279723e-08,1.34459842969511e-07,3.47461096500144e-08,4.92034339778527e-09,7.46547654359974e-08,1.56439367700569e-08,9.33748909510496e-10,2.40444300503485e-08,2.96932153224338e-05,5.13561900230773e-06,2.52112205567834e-08,1.30724847331469e-08,6.48955492109794e-05,5.51845605520703e-07,0
"20",0.421193742700242,6.87871820937355e-05,0.00596483136155678,0.0860920717604595,0.0673337249944737,0.00120868905678992,0.40419348198279,0.00449082031669102,0.000245668507477627,0.000167054585084786,1.96534805982101e-05,3.98338520286077e-08,3.57538118607981e-07,1.9918802586286e-05,1.24799601798634e-07,1.08854814240036e-07,2.52547225687e-06,6.90602050956e-05,8.89319997069009e-05,0.00286940816733868,1.37574364187471e-07,6.86889195150974e-06,3.04628949272257e-07,3.24282429870467e-07,1.96534805982101e-08,7.46832262731985e-07,5.93872370502331e-08,7.70496624767362e-07,2.84975468674047e-07,7.80124276430346e-09,3.80480028166422e-09,1.85074318841811e-07,2.05807909903591e-06,1.96534805982101e-08,2.35841767178522e-07,8.84406626919457e-07,1.86708065682996e-07,0.00233581616909728,0.000156245170755771,2.87923490763779e-06,2.24580491016808e-07,6.86159953609275e-05,1.88194874684843e-06,8.75955630262226e-06,4.91337014955254e-08,3.82603522463704e-07,2.96767557032973e-06,1.37574364187471e-07,1.96534805982101e-08,7.46547658126999e-08,9.82674029910507e-09,2.94802208973152e-08,2.40444301716749e-08,3.59069090529299e-05,6.50530207800756e-06,1.49366452546397e-06,9.82674029910507e-08,7.06542627505655e-05,1.25487473619572e-05,0.00325257585057204
"21",0.407837966723097,2.05884242035524e-05,0.00364976610881156,0.084318955488185,0.0673337248538303,0.00113236333119538,0.424870208564217,0.00458560357260939,0.000368396034035039,0.000132257978809825,5.61419257926678e-05,3.98338519454046e-08,3.57538117861173e-07,2.52676115225416e-07,7.5269072963311e-08,1.08854814012665e-07,6.55086224658485e-07,6.90602049513504e-05,0.000109492983264347,0.00289360943806291,2.33790125078349e-08,5.25004817190586e-06,2.43317740587437e-09,5.52144103640723e-07,1.87167492759567e-10,4.77277106536896e-07,5.70860852916679e-09,7.70496623157987e-07,1.6845074348361e-08,7.8012427480086e-09,9.35837463797835e-10,4.11768484071048e-08,1.80616630512982e-06,3.18184737691264e-09,1.77809118121589e-07,5.05352230450831e-09,1.96525867397545e-07,0.0022038972272439,0.000228344341166672,2.98532150951509e-06,2.80751239139351e-08,6.86159952176057e-05,1.88194874291751e-06,8.32895342780073e-06,1.1230049565574e-09,6.55086224658485e-08,1.31017244931697e-07,3.47461097527647e-08,3.74334985519134e-10,2.2460099131148e-09,1.56439368163187e-08,1.21658870293719e-09,1.31017244931697e-09,3.31286462184434e-05,6.59765411977474e-06,2.80751239139351e-08,1.21658870293719e-08,5.62438315742499e-05,6.92519723210398e-07,0
"22",0.401464680493292,7.58265838114932e-05,0.00325260736510769,0.0828950219907445,0.0673337242147787,0.00120811130704,0.433990754144368,0.00427485539414153,0.000368396030538662,0.000132257977554589,5.61419252598355e-05,3.98338515673491e-08,6.50521473021537e-07,3.34553900411076e-06,7.52690722489465e-08,1.08854812979545e-07,8.36384751027691e-07,6.90602042959131e-05,0.000114305915973784,0.002295411483376,1.48690622404923e-07,1.11517966803692e-05,1.83011848695085e-08,2.97381244809846e-07,7.3622369079925e-09,7.06280456423383e-07,5.9387236362555e-08,7.7049661584535e-07,7.21715327042014e-08,7.80124267396849e-09,3.80480023760631e-09,1.48690622404923e-06,2.05807907520426e-06,4.83777688820487e-09,4.23927137010113e-07,1.34129623869056e-07,2.7879491700923e-07,0.00206029443669821,0.000188651227176246,2.11884136927015e-06,3.71726556012307e-07,6.86159945663844e-05,1.88194872505629e-06,8.94113403826211e-06,2.36300452691765e-08,3.82603518033323e-07,9.29316390030768e-07,3.4746109422996e-08,4.92034336563755e-09,7.46547649482305e-08,1.56439366678451e-08,3.60251954217109e-09,2.4044429893251e-08,4.08899211613538e-05,6.50521473021537e-06,2.34539710650174e-07,2.80132589250059e-08,6.4122830912123e-05,2.0094271847661e-06,1.11022302462516e-16
"23",0.409364689250585,7.58265846352049e-05,0.00374704521053167,0.08252867076196,0.0673337249462316,0.00111474595013317,0.425289631395344,0.00412174973158484,0.000368396034540585,0.000132257978991321,0.000177984647500254,3.98338520000682e-08,3.57538118351819e-07,2.45015233542016e-06,2.248227126319e-07,1.08854814162045e-07,2.5554848335826e-05,6.9060205046121e-05,0.000118031924131748,0.00284494407609617,2.33790125399177e-08,6.86889194658844e-06,1.40514195394938e-07,6.18262459737726e-07,7.36223698796922e-09,5.15218716448105e-07,7.58776655132663e-07,2.248227126319e-07,7.2171533488208e-08,7.80124275871416e-09,3.80480027893823e-09,1.10725185971211e-05,3.99060314921623e-06,4.83777694075812e-09,8.26223468922233e-06,1.3412962532612e-07,1.37703911487039e-06,0.00225572121674006,0.000193909589645014,2.19794025001431e-06,2.62293164737217e-07,6.86159953117667e-05,1.52692092329166e-06,1.20186475127803e-05,6.55732911843042e-08,1.72364079684457e-06,5.29193890164946e-07,3.47461098004465e-08,4.92034341908773e-09,7.46547657592126e-08,1.56439368377868e-08,3.60251958130561e-09,1.40514195394938e-07,3.18498842895192e-05,6.21081974427948e-06,1.81731692710786e-06,4.96483490395446e-07,7.11938590001017e-05,2.00942720659471e-06,1.11022302462516e-16
"24",0.407164136934596,2.8164454941291e-05,0.00206539336236134,0.087309810318002,0.068533507023808,0.00107024928776906,0.421809653504068,0.00563289098825819,0.00122045971412261,0.00046940758235485,9.38815164709699e-05,2.62868246118716e-07,3.57538118607981e-07,1.78374881294843e-05,7.52690731205294e-08,1.31434123059358e-07,1.21107156247551e-06,6.90602050956e-05,0.000102330852953357,0.00177248303097191,2.33790125566679e-08,4.94755591802011e-06,1.83011850814282e-08,2.64022093553398e-07,2.25315639530328e-08,5.71918516232659e-07,1.40822274706455e-07,7.70496624767362e-07,7.21715335399161e-08,7.80124276430346e-09,3.80480028166422e-09,7.22887676826468e-07,2.05807909903591e-06,4.8377769442242e-09,4.23927141919003e-07,1.34129625422219e-07,2.51602464142199e-06,0.00217429592146766,0.000227193269859747,3.4360635028375e-06,2.24580491016808e-07,4.50631279060656e-05,2.8164454941291e-06,8.00809335497373e-06,1.31434123059358e-07,3.82603522463704e-07,4.78795734001947e-05,3.47461098253407e-08,4.92034342261297e-09,7.46547658126999e-08,1.5643936848995e-08,3.60251958388668e-09,2.40444301716749e-08,1.61476208330068e-05,6.21081974872929e-06,1.2486241690639e-06,2.80132592493872e-08,6.8533507023808e-05,2.34703791177425e-05,7.51092639750262e-07
"25",0.401544068885852,9.386256869702e-05,0.00366064017918378,0.0836315487090448,0.0673337249944737,0.00122021339306126,0.429515114357564,0.00488085357224504,0.00197111394263742,0.000132257979086079,9.386256869702e-05,3.98338520286077e-08,3.57538118607981e-07,1.97111394263742e-05,3.09746476700166e-07,1.08854814240036e-07,5.25630384703312e-07,6.90602050956e-05,3.7545027478808e-06,0.00276894577656209,2.33790125566679e-08,1.4079385304553e-05,7.5090054957616e-08,3.37905247309272e-07,2.8158770609106e-08,3.7545027478808e-06,1.68952623654636e-07,7.9783183392467e-07,1.97111394263742e-07,7.80124276430346e-09,1.8772513739404e-08,2.8158770609106e-07,2.05807909903591e-06,1.8772513739404e-08,5.72561669051822e-07,1.34129625422219e-07,4.97471614094206e-07,0.00231277369269457,0.000436460944441143,1.35162098923709e-06,2.8158770609106e-06,6.86159953609275e-05,1.88194874684843e-06,6.5703798087914e-06,3.94222788527484e-07,4.50540329745696e-07,5.29193890544093e-07,9.386256869702e-08,2.8158770609106e-08,1.31407596175828e-05,1.5643936848995e-08,1.8772513739404e-08,8.4476311827318e-08,3.94222788527484e-05,1.52995986976143e-06,6.5703798087914e-06,7.5090054957616e-08,6.1010669653063e-05,2.00942720803439e-06,8.10302337288515e-05
"26",0.400108742483429,7.58265846895317e-05,0.00376661560351545,0.0830538740575158,0.0707182079560027,0.00119590045411616,0.430335832701641,0.00433160794404277,0.000368396034804526,0.000132257979086079,5.61419259099343e-05,3.98338520286077e-08,3.67245021342757e-07,2.4501523371756e-06,7.52690731205294e-08,8.47488510790977e-08,6.14899997273898e-07,6.59157730615205e-05,0.000111115160303706,0.00293042693953502,2.33790125566679e-08,1.95864011382804e-05,1.83011850814282e-08,4.03969523477032e-07,7.36223699324398e-09,4.89660028457009e-07,8.19238893764611e-08,7.6273965971188e-07,7.21715335399161e-08,3.76661560351545e-09,9.41653900878864e-10,1.85074318841811e-07,1.69497702158195e-06,2.82496170263659e-09,4.23927141919003e-07,1.34129625422219e-07,2.33530167417958e-07,0.00227786078622597,0.000230705205715322,3.13570748992662e-06,1.50664624140618e-07,6.86159953609275e-05,1.3277320002392e-06,8.57846703700645e-06,2.3630045542802e-08,3.82603522463704e-07,5.29193890544093e-07,3.47461098253407e-08,4.92034342261297e-09,7.46547658126999e-08,1.5643936848995e-08,1.12998468105464e-09,2.40444301716749e-08,3.03212556082994e-05,7.11890349064421e-06,2.82496170263659e-08,1.22415007114252e-08,8.25830471070763e-05,2.00942720803439e-06,2.14591738612047e-06
"27",0.401226838454085,7.58265846895317e-05,0.00291767112176322,0.0839536335681547,0.0640946462555082,0.0012235395026749,0.435956536645395,0.00432944747100349,0.000368396034804526,0.000132257979086079,5.61419259099343e-05,3.98338520286077e-08,3.57538118607981e-07,9.41184232826846e-07,7.52690731205294e-08,1.08854814240036e-07,5.64710539696108e-06,6.90602050956e-05,0.000102589081378126,0.0027416696702246,2.33790125566679e-08,6.86889195150974e-06,1.83011850814282e-08,2.64022093553398e-07,7.36223699324398e-09,5.71918516232659e-07,5.93872370502331e-08,7.70496624767362e-07,7.21715335399161e-08,7.80124276430346e-09,3.80480028166422e-09,7.52947386261477e-06,2.05807909903591e-06,4.8377769442242e-09,1.88236846565369e-06,7.15300016948403e-05,9.41184232826846e-07,0.0022437832110592,0.000213648820851694,2.19794025158905e-06,2.24580491016808e-07,6.86159953609275e-05,1.88194874684843e-06,8.94113414179652e-06,2.3630045542802e-08,2.82355269848054e-06,9.41184232826846e-07,3.47461098253407e-08,4.92034342261297e-09,1.88236846565369e-06,1.5643936848995e-08,3.60251958388668e-09,1.88236846565369e-06,3.38826323817665e-05,6.21081974872929e-06,1.88236846565369e-06,2.80132592493872e-08,5.64710539696108e-05,3.76473693130739e-06,2.81696069615034e-06
"28",0.415728222856496,2.26246651894692e-05,0.00135747991136815,0.0886321258797454,0.0581642434245936,0.00164028822623651,0.424306741740836,0.00469084724928327,0.000169684988921019,0.000116894103478924,0.000197965820407855,2.63954427210474e-09,1.15951409096029e-07,0.000100868298969717,6.8816689951302e-08,8.95559663749821e-08,4.1855630600518e-07,6.90602050956e-05,9.89829102039276e-05,0.00235296517970479,1.13123325947346e-08,4.97742634168322e-06,4.52493303789383e-09,1.79111932749964e-07,1.22550269776291e-09,5.40163881398576e-07,1.8853887657891e-08,7.76780171505108e-07,1.43289546199971e-07,7.80124276430346e-09,1.31977213605237e-09,3.86504696986765e-08,2.01736597939433e-06,2.82808314868365e-09,2.83751009251259e-07,6.50459124197239e-08,1.64971517006546e-07,0.00197400203778118,0.00018853887657891,2.4905985596074e-06,8.67278832262985e-08,6.86159953609275e-05,1.01151107284585e-06,7.11734259085384e-06,9.42694382894549e-09,8.86132719920876e-07,3.37484589076248e-07,7.54155506315639e-09,1.69684988921019e-09,1.3480529675392e-08,1.60258045092073e-08,1.69684988921019e-09,1.2443565854208e-08,3.05432980057834e-05,6.23120987093297e-06,6.03324405052511e-08,1.31977213605237e-08,5.17539216209107e-05,6.81568038832759e-06,2.45109328411708e-06
"29",0.403324439733018,2.52031102406765e-05,0.00347242852204876,0.084557368305997,0.0675723389008359,0.00120601549744274,0.428949468708094,0.00476805507812502,0.000368396034804526,0.000132257979086079,5.61419259099343e-05,3.98338520286077e-08,3.57538118607981e-07,2.4501523371756e-06,3.73379410972985e-08,8.02765733591917e-08,5.41400145910828e-07,6.90602050956e-05,0.000111407081749064,0.00272529632069182,2.33790125566679e-08,6.34744998654074e-06,1.83011850814282e-08,3.04677599353956e-07,7.36223699324398e-09,4.48988741695014e-07,5.93872370502331e-08,7.70496624767362e-07,7.21715335399161e-08,7.80124276430346e-09,3.80480028166422e-09,1.85074318841811e-07,9.33448527432462e-07,3.45375955150011e-09,1.68020734937843e-07,1.34129625422219e-07,2.05358676035142e-07,0.00226596496931285,0.000225801198785913,2.24027646583791e-06,2.24580491016808e-07,4.38720807893257e-05,1.24335343854004e-06,5.22731175362179e-06,2.3630045542802e-08,3.82603522463704e-07,5.29193890544093e-07,3.47461098253407e-08,4.92034342261297e-09,7.46547658126999e-08,1.86689705486492e-09,2.05358676035142e-09,2.40444301716749e-08,3.289472610672e-05,6.19623132509668e-06,2.34539713366041e-07,1.68020734937843e-08,6.17009476632857e-05,2.00942720803439e-06,2.1439281261415e-07
"30",0.402316269747031,9.37363163436699e-05,0.00346824370471579,0.0825816946987731,0.0673337249941354,0.00112483579612404,0.42987474675207,0.00524923371524551,0.0018747263268734,0.000132257979085414,9.37363163436699e-05,3.98338520284075e-08,3.57538118606185e-07,1.96846264321707e-05,2.41839696166668e-07,1.08854814239489e-07,3.6960229534309e-06,6.9060205095253e-05,0.000134980295534885,0.00270148063702456,2.33790125565504e-08,1.40604474515505e-05,1.09671490122094e-07,3.41200191490958e-07,1.96846264321707e-08,5.71918516229786e-07,2.18405617080751e-07,6.80525656655043e-07,2.32466064532301e-07,7.80124276426427e-09,1.96846264321707e-08,1.44541399801939e-06,2.05807909902558e-06,1.21857211246771e-08,4.23927141916874e-07,1.34129625421545e-07,1.46228653496125e-06,0.00225435840806526,0.000435873870998065,2.53837944658658e-06,2.24580491015679e-07,6.86159953605828e-05,1.88194874683897e-06,5.62417898062019e-06,2.15593527590441e-07,4.30249692017445e-07,5.29193890541435e-07,8.81121373630496e-08,2.43714422493542e-08,1.31230842881138e-05,1.56439368489164e-08,1.03109947978037e-08,5.53044266427652e-08,4.49934318449615e-05,6.21081974869809e-06,7.49890530749359e-06,7.21769635846258e-08,6.09286056233854e-05,2.0094272080243e-06,0
