"","SiO2","TiO2","Al2O3","Fe2O3T","Fe(II)O","MnO","MgO","CaO","Na2O","K2O","P2O5","Ag","As","B","Ba","Be","Bi","Cd","Ce","Cl","Co","Cr","Cs","Cu","Dy","Er","Eu","F","Ga","Gd","Ge","Hf","Ho","In","La","Li","Lu","Mo","Nb","Nd","Ni","Pb","Pr","Rb","S","Sb","Sc","Se","Sm","Sn","Sr","Ta","Tb","Th","Tl","Tm","U","V","W","Y","Yb","Zn","Zr"
"1",0.756,0.0029,0.125,0.0285,0.0181410690185091,0.000606776129780188,0.0048,0.0115,0.0459,0.0211,0.000557225274421575,2.15558721309227e-06,1.46831568814344e-05,2.10790034125921e-05,0.00394,1.38e-05,1.01499803602452e-06,2.77572316973933e-06,0.000637,0.000596756075108627,2.9e-05,0.00062,5.7e-06,0.000118,0.000119,7.42e-05,1.33e-05,0.00235830112318379,0.000174,0.0001045,1.44267236419014e-05,8.1e-05,2.54e-05,6e-07,0.000278,6.6e-05,1.22e-05,4.84e-05,0.000116,0.00036,6.5e-05,5.2e-05,8.28e-05,0.000516,0.000590637773514151,5.06729110629108e-06,7.1e-05,6.67731257818828e-06,9.34e-05,3.4e-05,0.000708,1e-05,1.83e-05,4.92e-05,1.68679186423191e-06,1.22e-05,1.35e-05,0.000105938457995194,1.2730585149013e-05,0.000697,8.21e-05,0.00052,0.00257
"2",0.7498,0.00296,0.125,0.0271,0.0181410690185091,0.00059,0.0055,0.0115,0.0456,0.0215,0.00052,2.15558721309227e-06,1.46831568814344e-05,2.10790034125921e-05,0.00377,1.33914566269582e-05,1.01499803602452e-06,2.77572316973933e-06,0.0006301,0.000596756075108627,3.24936136546e-05,0.00074,5.5e-06,0.00011,0.0001293,7.98e-05,1.45e-05,0.00235830112318379,0.00016,0.0001049,1.44267236419014e-05,7.48e-05,2.72e-05,6.6461865190376e-07,0.0002756,5.88501186126734e-05,1.25e-05,4.16451569237809e-05,0.0001013,0.0003507,1e-04,5.47e-05,8.35e-05,0.000521,0.000590637773514151,5.06729110629108e-06,7.5e-05,6.67731257818828e-06,9.31e-05,3.6643441547053e-05,0.00075,9.7e-06,1.92e-05,5.15e-05,1.68679186423191e-06,1.22e-05,1.31e-05,0.00014,1.2730585149013e-05,0.0007441,7.82e-05,0.00053,0.0025
"3",0.7475,0.002962,0.1263,0.02924,0.0181410690185091,0.000646,0.004004,0.01111,0.04772,0.02163,0.000575,2.15558721309227e-06,1.46831568814344e-05,2.10790034125921e-05,0.003811,1.33914566269582e-05,1.01499803602452e-06,2.77572316973933e-06,0.000714,0.000333,0.000205,0.000659,7.0589181207555e-06,0.000103,0.000114401893828422,7.41858050198271e-05,1.30716737113125e-05,0.00235830112318379,0.000186,9.96973923391185e-05,1.44267236419014e-05,7.49787078630578e-05,2.47383370870386e-05,6.6461865190376e-07,0.000368,5.88501186126734e-05,1.17314738740041e-05,4.16451569237809e-05,0.000111,0.000501,6.11881869029245e-05,6.9e-05,7.80227478344061e-05,0.000545,0.001104,0.000177,7.02794339106447e-05,6.67731257818828e-06,0.000154,3.6643441547053e-05,0.000709,1.13200018728794e-05,1.81040479338422e-05,6.75e-05,1.68679186423191e-06,1.18613875633841e-05,1.35090312577388e-05,0.000131,1.2730585149013e-05,0.000749,7.5570930862641e-05,0.000553,0.002483
"4",0.74929,0.00307,0.1265,0.02967,0.0181410690185091,0.00061,0.00472,0.01197,0.04526,0.02125,0.000557225274421575,2.15558721309227e-06,1.46831568814344e-05,2.10790034125921e-05,0.003883,1.4e-05,1.01499803602452e-06,2.77572316973933e-06,0.0006112,0.000596756075108627,3e-05,0.000841,5.2e-06,0.000117,0.0001195,7.92e-05,1.34e-05,0.00235830112318379,0.0001625,9.51e-05,1.44267236419014e-05,7.46e-05,2.57e-05,6.6461865190376e-07,0.0002616,5.88501186126734e-05,1.23e-05,4.39e-05,9.68e-05,0.0003449,9.4e-05,4.8e-05,8.03e-05,0.0004979,0.000590637773514151,5.06729110629108e-06,7.2e-05,6.67731257818828e-06,8.86e-05,3.49e-05,0.000737,9.4e-06,1.81e-05,4.67e-05,1.68679186423191e-06,1.2e-05,1.28e-05,9.9e-05,1.2730585149013e-05,0.0006471,8.2e-05,0.000529,0.002217
"5",0.7597,0.00262,0.114,0.0309,0.0181410690185091,0.00058,0.0045,0.0114,0.0493,0.0211,0.00045,2.15558721309227e-06,1.46831568814344e-05,2.10790034125921e-05,0.0038,1.4e-05,9e-07,9e-07,0.00065,0.000596756075108627,2.99e-05,0.00063,6.1e-06,0.000121,0.000121,8.1e-05,1.37e-05,0.00457,0.000166,0.000103,1.44267236419014e-05,7.49787078630578e-05,2.6e-05,6.6461865190376e-07,0.00028,6.2e-05,1.3e-05,4.6e-05,0.000116,0.00036,5.8e-05,5.2e-05,8.5e-05,0.000487,0.00192,2.7e-06,7.5e-05,6.67731257818828e-06,9.3e-05,3.5e-05,0.000698,9.7e-06,1.81e-05,5.2e-05,1.9e-06,1.23e-05,1.27e-05,0.000114,8.8e-06,0.000700959782169486,8.3e-05,0.000518,0.00273
"6",0.745045957085179,0.00172,0.01512,0.02606,0.02345,0.00051,0.00341,0.00448,0.00078,0.0013,0.00049,2.2e-06,4.7e-06,1.12e-05,0.0001664,5.1e-06,5e-07,1.2e-06,0.00025,0.000596756075108627,3.24936136546e-05,0.00034,7.0589181207555e-06,9.94e-05,4.69e-05,2.74e-05,5.3e-06,0.00235830112318379,0.000159653240057259,4.88e-05,1.1e-06,7.49787078630578e-05,9.5e-06,6.6461865190376e-07,1e-04,5.08e-05,3.3e-06,2.6e-05,4.6e-06,0.000347598006532663,3.2e-05,3.19e-05,3.42e-05,6e-05,0.000590637773514151,5.06729110629108e-06,7.02794339106447e-05,6.67731257818828e-06,4.1e-05,1.04e-05,8e-05,1.13200018728794e-05,7.9e-06,1.87e-05,2e-07,1.18613875633841e-05,4.6e-06,5e-05,3.1e-06,0.000700959782169486,2.37e-05,0.0004706,0.0003966
"7",0.7499,0.00292,0.1275,0.0291,0.0181410690185091,0.00056,0.0048,0.0115,0.0469,0.0219,0.00057,2.15558721309227e-06,1.46831568814344e-05,2.10790034125921e-05,0.00357,1.33914566269582e-05,1.01499803602452e-06,2.77572316973933e-06,0.00053,0.000596756075108627,3.24936136546e-05,0.00057,7.0589181207555e-06,0.000119837816781568,0.000114401893828422,7.41858050198271e-05,1.30716737113125e-05,0.00235830112318379,0.00015,9.96973923391185e-05,1.44267236419014e-05,7.49787078630578e-05,2.47383370870386e-05,6.6461865190376e-07,0.00019,5.88501186126734e-05,1.17314738740041e-05,4.16451569237809e-05,0.00011,0.00032,6.11881869029245e-05,7e-05,7.80227478344061e-05,0.00053,0.000590637773514151,5.06729110629108e-06,7.02794339106447e-05,6.67731257818828e-06,8.70811180832889e-05,3.6643441547053e-05,0.00072,1.13200018728794e-05,1.81040479338422e-05,4.81670091883723e-05,1.68679186423191e-06,1.18613875633841e-05,1.35090312577388e-05,1e-04,1.2730585149013e-05,0.00074,9e-05,0.00049,0.00262
"8",0.7522,0.0032,0.1222,0.0295,0.0181410690185091,6e-04,0.005,0.0118,0.0464,0.0219,0.00037,2.15558721309227e-06,5e-06,2.10790034125921e-05,0.003339,1.33914566269582e-05,7e-06,2.77572316973933e-06,0.001175,0.000596756075108627,4.3e-05,0.000583,2.4e-05,0.000105,0.000114401893828422,7.41858050198271e-05,1.30716737113125e-05,0.00235830112318379,0.000143,9.96973923391185e-05,1.44267236419014e-05,0.000105,2.47383370870386e-05,6.6461865190376e-07,0.000598,5.88501186126734e-05,1.17314738740041e-05,2.9e-05,0.000109,0.000504,2.7e-05,0.000332,7.80227478344061e-05,0.000491,0.002,3.5e-05,3.9e-05,6.67731257818828e-06,7.5e-05,7.6e-05,0.000676,2e-05,1.81040479338422e-05,4.2e-05,1.68679186423191e-06,1.18613875633841e-05,2.1e-05,6.9e-05,2.9e-05,0.00068,7.2e-05,0.000457,0.002543
"9",0.7514,0.00627,0.1169,0.03715,0.0181410690185091,0.001,0.00364,0.00844,0.02486,0.0424,0.00093,2.15558721309227e-06,0.00021,2.10790034125921e-05,0.00354317536246037,1.33914566269582e-05,1.01499803602452e-06,2.77572316973933e-06,0.00059896920553969,0.000596756075108627,3.24936136546e-05,0.000639356814180483,7.0589181207555e-06,1e-04,0.000114401893828422,7.41858050198271e-05,1.30716737113125e-05,0.00235830112318379,0.00016,9.96973923391185e-05,1.44267236419014e-05,7.49787078630578e-05,2.47383370870386e-05,6.6461865190376e-07,0.000262429089396989,5.88501186126734e-05,1.17314738740041e-05,0.00011,0.00017,0.000347598006532663,4e-05,4e-05,7.80227478344061e-05,0.00055,0.000590637773514151,5.06729110629108e-06,7.02794339106447e-05,6.67731257818828e-06,8.70811180832889e-05,3.6643441547053e-05,7e-04,1.13200018728794e-05,1.81040479338422e-05,0.00013,1.68679186423191e-06,1.18613875633841e-05,9e-05,0.000105938457995194,4e-05,0.00075,7.5570930862641e-05,0.00055,0.00249
"10",0.7506,0.0029,0.1285,0.029,0.0181410690185091,0.00056,0.0032,0.0116,0.0474,0.0211,0.00056,2.15558721309227e-06,4.9e-05,2.10790034125921e-05,0.00335,1.33914566269582e-05,1.01499803602452e-06,2.77572316973933e-06,0.00051,0.000596756075108627,2.5e-05,0.00051,7.0589181207555e-06,9.5e-05,0.000114401893828422,7.41858050198271e-05,1.30716737113125e-05,0.00235830112318379,0.00016,9.96973923391185e-05,1.44267236419014e-05,8.3e-05,2.47383370870386e-05,6.6461865190376e-07,0.00021,5.88501186126734e-05,1.17314738740041e-05,3.2e-05,0.00014,0.00031,6.11881869029245e-05,5e-05,7.80227478344061e-05,0.00046,0.000590637773514151,5.06729110629108e-06,4.8e-05,6.67731257818828e-06,8.70811180832889e-05,3.6643441547053e-05,0.00066,1.13200018728794e-05,1.81040479338422e-05,4.6e-05,1.68679186423191e-06,1.18613875633841e-05,1.35090312577388e-05,7.9e-05,1.2730585149013e-05,0.00068,6.9e-05,0.00046,0.00238
"11",0.74601,0.00308,0.12604,0.02904,0.02052,0.00061,0.00499,0.01131,0.046,0.021,0.00052,2.15558721309227e-06,1.46831568814344e-05,2.10790034125921e-05,0.0036499,1.438e-05,8e-07,1.04e-06,0.00058388,0.000596756075108627,2.863e-05,0.00070582,5.76e-06,0.00011905,0.00011736,7.551e-05,1.255e-05,0.00235830112318379,0.0001543,9.785e-05,1.44267236419014e-05,7.38e-05,2.457e-05,5.6e-07,0.00025626,5.52e-05,1.187e-05,4.854e-05,0.00010622,0.00034383,5.338e-05,4.887e-05,7.997e-05,0.00051285,7e-08,2.05e-06,7.619e-05,6.67731257818828e-06,8.734e-05,3.748e-05,0.00068847,9.3e-06,1.706e-05,4.77e-05,1.66e-06,1.146e-05,1.225e-05,8.627e-05,7.44e-06,0.00070905,7.707e-05,0.00048776,0.00248358
"12",0.745045957085179,0.00298,0.12059,0.0271,0.0181410690185091,0.000606776129780188,0.00437,0.0108,0.0431,0.0201,0.00048,2.15558721309227e-06,1.03e-05,2.10790034125921e-05,0.00368,1.36e-05,9.5e-07,8.5e-07,0.00057,0.000596756075108627,2.74e-05,0.000639356814180483,5.5e-06,0.000119837816781568,0.0001169,7.67e-05,1.29e-05,0.00235830112318379,0.0001444,0.0001037,1.34e-05,7.49787078630578e-05,2.48e-05,6.6461865190376e-07,0.000233,5.88501186126734e-05,1.16e-05,4.08e-05,0.000113935541967191,0.0003344,6.11881869029245e-05,5.63e-05,7.99e-05,0.000475,0.000590637773514151,5.8e-06,7.02794339106447e-05,6.67731257818828e-06,8.76e-05,3.6643441547053e-05,0.000697,1.13200018728794e-05,1.76e-05,4.68e-05,1.68679186423191e-06,1.17e-05,1.3e-05,9.4e-05,8.6e-06,0.000631,7.89e-05,0.000536,0.00209
"13",0.745045957085179,0.0032,0.131,0.031,0.0181410690185091,6e-04,0.0049,0.012,0.0489,0.0227,0.000557225274421575,2.15558721309227e-06,1.46831568814344e-05,2.10790034125921e-05,0.00389,1.33914566269582e-05,1.01499803602452e-06,2.77572316973933e-06,0.00066,0.000596756075108627,3.21e-05,0.000786,6.6e-06,0.000126,0.000128,8.43e-05,1.36e-05,0.00235830112318379,0.000159653240057259,0.000108,1.44267236419014e-05,7.49787078630578e-05,2.78e-05,6.6461865190376e-07,3e-04,6.24e-05,1.31e-05,4.16451569237809e-05,0.000113935541967191,0.000386,6.11e-05,5.15e-05,9.06e-05,0.000498025801301422,0.000590637773514151,5.06729110629108e-06,7.02794339106447e-05,6.67731257818828e-06,9.84e-05,3.6643441547053e-05,0.00077,1.13200018728794e-05,1.87e-05,5.15e-05,1.68679186423191e-06,1.31e-05,1.68e-05,0.000109,1.2730585149013e-05,0.000779,8.4e-05,0.000502,0.0023634226763696
"14",0.7749,0.0029,0.1082,0.0255,0.0181410690185091,5e-04,0.0039,0.0108,0.0422,0.0209,5e-04,2.15558721309227e-06,7.7e-06,2.10790034125921e-05,0.0038034,1.37e-05,1.01499803602452e-06,2.77572316973933e-06,0.0006042,0.000596756075108627,2.65e-05,0.0006851,5.4e-06,0.0001437,0.0001095,6.7e-05,1.32e-05,0.00235830112318379,0.0001533,9.51e-05,1.15e-05,0.0001067,2.07e-05,6.6461865190376e-07,0.0002647,5.26e-05,1.21e-05,4.16451569237809e-05,0.000178,0.000343,5.55e-05,5.87e-05,7.92e-05,0.0005164,0.000590637773514151,1.2e-06,7.03e-05,6.67731257818828e-06,8.89e-05,3.26e-05,0.0007039,2.67e-05,1.61e-05,4.91e-05,1.68679186423191e-06,1.27e-05,1.28e-05,9.2e-05,1.2730585149013e-05,0.0007508,7.8e-05,0.0005408,0.0038453
"15",0.7518,0.003,0.1283,0.0289,0.01898,6e-04,0.0054,0.0114,0.0463,0.0214,6e-04,6e-07,6.2e-06,2.10790034125921e-05,0.00381,1.2e-05,1e-06,1.6e-06,0.0006446,3e-04,3.07e-05,0.0008136,5.9e-06,0.0001558,0.0001217,7.76e-05,1.31e-05,0.00045,0.0001671,0.0001024,1.35e-05,7.71e-05,2.52e-05,6.6461865190376e-07,0.0002794,5.88501186126734e-05,1.15e-05,4.9e-05,0.0001113,0.000363,8.97e-05,5.2e-05,8.36e-05,0.000529,0.00186,3e-06,6.83e-05,6.67731257818828e-06,8.49e-05,3.61e-05,0.0007469,9.3e-06,1.75e-05,4.87e-05,1.68679186423191e-06,1.18613875633841e-05,1.29e-05,0.000103,8.5e-06,0.000698,8.01e-05,0.0005398,0.00255
"16",0.7458,0.0031,0.1286,0.031,0.0181410690185091,0.00063,0.0052,0.0117,0.0464,0.0217,0.00064,2.15558721309227e-06,1.46831568814344e-05,2.10790034125921e-05,0.003831,1.72e-05,1.01499803602452e-06,2.77572316973933e-06,0.000645,0.000596756075108627,3.5e-05,0.000815,6.76e-06,0.0001111,0.0001191,7.83e-05,1.32e-05,0.00235830112318379,0.0003135,0.0001011,1.44267236419014e-05,6.35e-05,2.6e-05,6.6461865190376e-07,0.0002745,6.7e-05,1.2e-05,3.31e-05,9.89e-05,0.0003533,7.68e-05,5.03e-05,8.35e-05,0.0005273,0.000590637773514151,5.06729110629108e-06,7.8e-05,6.67731257818828e-06,9.01e-05,3.6643441547053e-05,0.0007182,7.5e-06,1.8e-05,4.27e-05,1.68679186423191e-06,1.18613875633841e-05,1.32e-05,0.000138,1.2730585149013e-05,0.0008002,8.06e-05,0.0005114,0.002316
"17",0.7314,0.00305,0.1404,0.0295,0.0181410690185091,0.00058,0.0043,0.0116,0.0477,0.0218,0.00059,2.15558721309227e-06,5e-05,2.10790034125921e-05,0.00317,1.33914566269582e-05,1.01499803602452e-06,2.77572316973933e-06,0.000775,0.000596756075108627,7e-05,0.00059,7.0589181207555e-06,0.00015,0.0001354,8.76e-05,1.49e-05,0.00235830112318379,0.00014,0.0001103,1.44267236419014e-05,7e-05,2.87e-05,6.6461865190376e-07,0.000299,5.88501186126734e-05,1.3e-05,4.16451569237809e-05,0.00014,0.000395,5e-05,5e-05,9.2e-05,0.00054,0.000590637773514151,5.06729110629108e-06,8.3e-05,6.67731257818828e-06,9.92e-05,3.6643441547053e-05,0.00082,1.13200018728794e-05,2.05e-05,5.58e-05,1.68679186423191e-06,1.26e-05,1.35090312577388e-05,9e-05,1.2730585149013e-05,0.000843,8.57e-05,0.00054,0.00252
"18",0.7505,0.0031,0.1255,0.029,0.0181410690185091,0.00052,0.00446,0.0114,0.0437,0.0214,6e-04,2.15558721309227e-06,1.46831568814344e-05,2.10790034125921e-05,0.0035,1.33914566269582e-05,1.01499803602452e-06,2.77572316973933e-06,0.00059896920553969,0.000596756075108627,3.24936136546e-05,0.00054,7.0589181207555e-06,8e-05,0.000114401893828422,7.41858050198271e-05,1.30716737113125e-05,0.00235830112318379,0.00014,9.96973923391185e-05,1.44267236419014e-05,7.49787078630578e-05,2.47383370870386e-05,6.6461865190376e-07,0.000262429089396989,5.88501186126734e-05,1.17314738740041e-05,4.16451569237809e-05,0.00011,0.000347598006532663,6.11881869029245e-05,8e-05,7.80227478344061e-05,0.00049,0.000590637773514151,5.06729110629108e-06,9e-05,6.67731257818828e-06,8.70811180832889e-05,8e-05,0.00069,1.13200018728794e-05,1.81040479338422e-05,4.81670091883723e-05,1.68679186423191e-06,1.18613875633841e-05,1.35090312577388e-05,9e-05,1.2730585149013e-05,7e-04,7.5570930862641e-05,0.00047,0.00258
"19",0.7435,0.00296,0.1255,0.0292,0.0181410690185091,0.000622,0.00489,0.01119,0.04651,0.02151,0.000508,2.15558721309227e-06,1.46831568814344e-05,1.33e-05,0.003843,1.33914566269582e-05,1.01499803602452e-06,2.77572316973933e-06,0.000293,0.000596756075108627,4.71e-05,0.000466,7.0589181207555e-06,0.0001005,0.000114401893828422,7.41858050198271e-05,1.30716737113125e-05,0.00235830112318379,0.0001623,9.96973923391185e-05,1.44267236419014e-05,7.49787078630578e-05,2.47383370870386e-05,6.6461865190376e-07,0.000223,2.83e-05,1.17314738740041e-05,2.82e-05,0.0001221,0.000347598006532663,5.96e-05,0.000344,7.80227478344061e-05,0.000498025801301422,0.000590637773514151,2.57e-05,5.76e-05,6.67731257818828e-06,8.70811180832889e-05,4.79e-05,0.000729,1.13200018728794e-05,1.81040479338422e-05,4.81670091883723e-05,1.68679186423191e-06,1.18613875633841e-05,1.35090312577388e-05,0.000147,1.2730585149013e-05,0.000546,7.5570930862641e-05,0.0005363,0.0023634226763696
"20",0.7478,0.00297,0.1245,0.0286,0.0225,0.00058,0.005,0.012,0.045,0.0217,0.00057,2.15558721309227e-06,1.46831568814344e-05,2.10790034125921e-05,0.00388,1.39e-05,1.01499803602452e-06,2.77572316973933e-06,0.00063,0.000596756075108627,3.24936136546e-05,0.00062,7.0589181207555e-06,0.00012,0.000105,6.19e-05,1.27e-05,0.00235830112318379,0.000159653240057259,8.5e-05,1.44267236419014e-05,7.49787078630578e-05,1.95e-05,6.6461865190376e-07,0.00028,6.2e-05,1.06e-05,4.16451569237809e-05,0.00012,0.000307,6.11881869029245e-05,6.25712904456519e-05,6.85e-05,0.00053,0.000590637773514151,5.06729110629108e-06,7.9e-05,6.67731257818828e-06,8.14e-05,3.6643441547053e-05,0.00072,1.13200018728794e-05,1.6e-05,4.81670091883723e-05,1.68679186423191e-06,9.8e-06,1.35090312577388e-05,0.000105938457995194,1.2730585149013e-05,0.00073,6.4e-05,0.00054,0.00247
"21",0.64219,0.002974,0.12499,0.02972,0.0181410690185091,0.0005851,0.00628,0.00992,0.04606,0.02048,0.000557225274421575,2.15558721309227e-06,1.46831568814344e-05,2.10790034125921e-05,0.00363,1.33914566269582e-05,1.01499803602452e-06,2.77572316973933e-06,0.0006535,0.000596756075108627,2.94e-05,0.0007525,6.85e-06,0.000119837816781568,0.000129,7.41858050198271e-05,1.317e-05,0.00235830112318379,0.000175,9.96973923391185e-05,1.44267236419014e-05,7.82e-05,2.47383370870386e-05,6.6461865190376e-07,0.0002708,5.88501186126734e-05,1.094e-05,4.16451569237809e-05,0.000113935541967191,0.0003301,6.11881869029245e-05,6.25712904456519e-05,7.80227478344061e-05,0.000569,0.000590637773514151,5.06729110629108e-06,7.6e-05,6.67731257818828e-06,9.04e-05,3.6643441547053e-05,0.00069456659919708,9.23e-06,1.798e-05,5.193e-05,1.68679186423191e-06,1.18613875633841e-05,1.35090312577388e-05,0.0001012,1.2730585149013e-05,0.000700959782169486,8.318e-05,0.000569,0.0027
"22",0.7454,0.0027,0.1236,0.0288,0.0181410690185091,6e-04,0.0048,0.0114,0.0443,0.0214,7e-04,2.15558721309227e-06,1.46831568814344e-05,2.10790034125921e-05,0.00402,1.33914566269582e-05,1.01499803602452e-06,2.77572316973933e-06,0.00046,0.000596756075108627,3e-05,0.00068,7.0589181207555e-06,8e-05,0.000114401893828422,7.41858050198271e-05,1.30716737113125e-05,0.00186,0.00015,6e-05,1e-05,1e-04,2.47383370870386e-05,6.6461865190376e-07,0.00024,5.88501186126734e-05,1.17314738740041e-05,4.16451569237809e-05,0.00017,0.00031,4e-05,5e-05,7.80227478344061e-05,0.00056,0.00016,5.06729110629108e-06,7e-05,6.67731257818828e-06,8.70811180832889e-05,3.6643441547053e-05,0.00078,1.13200018728794e-05,1.81040479338422e-05,4e-05,1.68679186423191e-06,1.18613875633841e-05,1.35090312577388e-05,7e-05,1.2730585149013e-05,0.00078,7.5570930862641e-05,0.00056,0.0023
"23",0.7466,0.00325,0.12507,0.02828,0.0181410690185091,0.00056,0.00489,0.01185,0.0466,0.0227,0.00056,2.15558721309227e-06,1.46831568814344e-05,2.10790034125921e-05,0.00374,1.33914566269582e-05,1.01499803602452e-06,2.77572316973933e-06,0.00059896920553969,0.000596756075108627,3e-05,0.00043,7.0589181207555e-06,0.00012,0.000114401893828422,7.41858050198271e-05,1.30716737113125e-05,0.00343,0.00019,9.96973923391185e-05,1.44267236419014e-05,0.00021,2.47383370870386e-05,6.6461865190376e-07,0.000262429089396989,7e-05,1.17314738740041e-05,4.16451569237809e-05,0.000113935541967191,0.000347598006532663,5e-05,0.00023,7.80227478344061e-05,0.000498025801301422,0.000590637773514151,5.06729110629108e-06,7.02794339106447e-05,6.67731257818828e-06,8.70811180832889e-05,3.6643441547053e-05,0.00079,1.13200018728794e-05,1.81040479338422e-05,4.81670091883723e-05,1.68679186423191e-06,1.18613875633841e-05,1.35090312577388e-05,0.000105938457995194,1.2730585149013e-05,0.00065,7.5570930862641e-05,0.00055,0.00209
"24",0.74852,0.00288,0.12402,0.02922,0.0181410690185091,0.00059,0.00486,0.01147,0.04558,0.02158,0.00059,2.15558721309227e-06,1e-05,2.10790034125921e-05,0.00369,1.33914566269582e-05,1.01499803602452e-06,2.77572316973933e-06,6e-04,0.000596756075108627,3.24936136546e-05,0.00066,7.0589181207555e-06,7e-05,0.000114401893828422,7.41858050198271e-05,1.30716737113125e-05,0.00235830112318379,0.00016,9.96973923391185e-05,1.44267236419014e-05,7.49787078630578e-05,2.47383370870386e-05,6.6461865190376e-07,0.00029,5.88501186126734e-05,1.17314738740041e-05,4.16451569237809e-05,0.00013,0.000347598006532663,3e-05,7e-05,7.80227478344061e-05,0.00055,0.000590637773514151,5.06729110629108e-06,9e-05,6.67731257818828e-06,8.70811180832889e-05,3.6643441547053e-05,0.00071,1.13200018728794e-05,1.81040479338422e-05,5e-05,1.68679186423191e-06,1.18613875633841e-05,1e-05,0.00011,1.2730585149013e-05,0.00078,7.5570930862641e-05,0.00048,0.00263
"25",0.7467,0.003,0.1282,0.0291,0.0181410690185091,0.00057,0.0049,0.0114,0.0463,0.0215,6e-04,2.15558721309227e-06,1.46831568814344e-05,2.10790034125921e-05,0.00265,1.33914566269582e-05,1.01499803602452e-06,2.77572316973933e-06,0.00029,0.000596756075108627,1e-05,3e-04,7.0589181207555e-06,0.00025,0.000114401893828422,7.41858050198271e-05,1.30716737113125e-05,0.00235830112318379,9e-05,9.96973923391185e-05,1.44267236419014e-05,7.49787078630578e-05,2.47383370870386e-05,6.6461865190376e-07,0.00016,5.88501186126734e-05,1.17314738740041e-05,4.16451569237809e-05,8e-05,0.000347598006532663,4e-05,0.00019,7.80227478344061e-05,5e-04,0.000590637773514151,5.06729110629108e-06,7.02794339106447e-05,6.67731257818828e-06,8.70811180832889e-05,3.6643441547053e-05,0.00158,1.13200018728794e-05,1.81040479338422e-05,4.81670091883723e-05,1.68679186423191e-06,1.18613875633841e-05,1.35090312577388e-05,0.00011,1.2730585149013e-05,0.00055,7.5570930862641e-05,0.00058,0.00195
"26",0.7557,0.00308,0.126,0.02929,0.0258,0.00048,0.00462,0.01178,0.0452,0.02146,0.00052,2.15558721309227e-06,6e-06,2.10790034125921e-05,0.00368,1.16e-05,1e-06,2.77572316973933e-06,0.000607,0.001,2.7e-05,6e-04,6e-06,0.000112,0.000102,7.25e-05,1.16e-05,0.0026,0.00016,9.98e-05,2e-05,7e-05,2.44e-05,6.6461865190376e-07,0.000275,5.88501186126734e-05,1.24e-05,5e-05,8e-05,0.00034,6e-05,7e-05,8.26e-05,0.000534,0.000590637773514151,3e-06,7.02794339106447e-05,6.67731257818828e-06,8.38e-05,4e-05,0.000694,9e-06,1.62e-05,5e-05,1.68679186423191e-06,1.25e-05,1.43e-05,1e-04,1e-05,0.00071,7.9e-05,5e-04,0.00243
"27",0.7615,0.0028,0.1132,0.0294,0.0035,7e-04,0.0024,0.0118,0.0486,0.0215,5e-04,5.62e-06,6.08e-06,2.898e-05,0.00354022,9.96e-06,7e-07,1.84e-06,0.00063588,0.000596756075108627,2.721e-05,0.0006416,5.51e-06,0.00013043,0.00011924,8.032e-05,1.435e-05,0.00235830112318379,0.00015308,0.0001056,1.402e-05,7.276e-05,2.554e-05,6.6461865190376e-07,0.00026803,5.529e-05,1.258e-05,5.071e-05,0.00012795,0.00035835,5.484e-05,4.184e-05,8.64e-05,0.00046839,0.000590637773514151,1.63e-06,7.633e-05,5.65e-06,9.229e-05,3.496e-05,0.00055498,1.257e-05,1.745e-05,4.028e-05,1.62e-06,1.226e-05,1.226e-05,9.243e-05,1.054e-05,0.00049773,8.09e-05,0.00039297,0.00232159
"28",0.7504,0.00288,0.1261,0.0288,0.0181410690185091,0.00057,0.00503,0.0113,0.046,0.0214,0.00054,2.15558721309227e-06,1.46831568814344e-05,2.10790034125921e-05,0.003813,1.5e-05,9e-07,1.4e-06,0.00063,0.000596756075108627,2.92e-05,0.000638,5.9e-06,0.000129,0.0001208,7.95e-05,1.36e-05,0.00235830112318379,0.000153,0.0001016,1.44267236419014e-05,7.63e-05,2.63e-05,6.6461865190376e-07,0.000281,7.02e-05,1.24e-05,4.77e-05,0.000124,0.0003577,5.17e-05,4.8e-05,8.35e-05,0.000528,7e-04,1.3e-06,8.22e-05,6.67731257818828e-06,9.27e-05,3.4e-05,0.000731,9.9e-06,1.88e-05,4.97e-05,2e-06,1.23e-05,1.33e-05,0.000106,8.9e-06,0.000718,8.09e-05,0.000525,0.002557
"29",0.7494,0.00292,0.1257,0.0291,0.0181410690185091,6e-04,0.00493,0.01146,0.0448,0.02104,0.00052,3.75e-06,1.348e-05,2.10790034125921e-05,0.00407,1.442e-05,1.02e-06,5.61e-06,0.00064,0.000596756075108627,2.94e-05,0.00074,1.4e-05,0.00022,7.84e-05,5.63e-05,7.3e-06,0.00235830112318379,0.000158,5.65e-05,2.39e-05,8.4e-05,1.76e-05,6.6461865190376e-07,0.00026,5.88501186126734e-05,9.6e-06,5.523e-05,9e-05,0.00035,6e-05,1e-04,3.48e-05,0.00055,0.000590637773514151,1.7e-06,6.14e-05,4.5e-07,4.63e-05,3e-05,0.00071,9.66e-06,1.11e-05,3.16e-05,2.2e-06,9e-06,8.5e-06,0.00012,1.48e-05,0.00069,6.27e-05,5e-04,0.00239
"30",0.7427,0.003,0.126,0.0286,0.0181410690185091,5e-04,0.0046,0.0113,0.0467,0.021,4e-04,2.15558721309227e-06,1.6e-05,2.10790034125921e-05,0.00339,1.33914566269582e-05,1.01499803602452e-06,4e-05,0.00053,0.000596756075108627,4e-05,0.00051,2e-05,9e-05,0.000114401893828422,7.41858050198271e-05,1.30716737113125e-05,0.00235830112318379,0.00014,9.96973923391185e-05,1.44267236419014e-05,6e-05,2.47383370870386e-05,6.6461865190376e-07,0.00024,5.88501186126734e-05,1.17314738740041e-05,3e-05,1e-04,0.00028,3e-05,0.00023,7.80227478344061e-05,0.00052,0.000590637773514151,3e-05,9e-05,6.67731257818828e-06,1e-04,0.00011,7e-04,4e-05,1.81040479338422e-05,5e-05,1.68679186423191e-06,1.18613875633841e-05,2.2e-05,0.00012,1e-04,0.00071,7.5570930862641e-05,0.00048,0.00254
"31",0.756,0.0031,0.126,0.0287,0.0098,6e-04,0.0037,0.0117,0.0491,0.0217,5e-04,2.15558721309227e-06,0.00016,2.10790034125921e-05,0.00413,1.1e-05,1.8e-06,1.5e-06,0.000649,0.000596756075108627,2.9e-05,0.00031,5.9e-06,0.000126,0.000121,7.56e-05,1.65e-05,0.00235830112318379,0.000156,9.51e-05,9.8e-05,6.82e-05,3.47e-05,9e-07,0.000281,6e-05,1.49e-05,5.12e-05,0.000108,0.000351,9e-05,7e-05,6.01e-05,0.000469,0.000590637773514151,1.5e-06,7.6e-05,6.67731257818828e-06,7.3e-05,3.4e-05,0.000687,9e-06,2.28e-05,4.9e-05,1.7e-06,1.48e-05,1.2e-05,0.00012,1.5e-05,0.000796,7.9e-05,0.00054,0.00244
"32",0.75087,0.002833,0.1266,0.02917,0.0181410690185091,0.000561,0.00496,0.01151,0.04678,0.02173,0.000784,2.15558721309227e-06,1.46831568814344e-05,2.10790034125921e-05,0.003886,1.561e-05,9.7e-07,8.7e-07,0.0006582,0.000596756075108627,2.695e-05,0.0007163,5.96e-06,0.0001023,0.0001125,7.352e-05,1.302e-05,0.00235830112318379,0.0001705,9.118e-05,1.44267236419014e-05,7.473e-05,2.601e-05,6.6461865190376e-07,0.0002801,6.527e-05,1.189e-05,3.676e-05,0.0001053,0.0003529,5.32e-05,4.928e-05,8.256e-05,0.000522,0.000590637773514151,5.06729110629108e-06,7.809e-05,6.67731257818828e-06,9.226e-05,3.509e-05,0.000711,1.093e-05,1.681e-05,5.406e-05,1.68679186423191e-06,1.158e-05,1.29e-05,0.00010226,1.2730585149013e-05,0.000712,7.622e-05,0.0004826,0.002429
"33",0.743,0.003,0.124,0.0287,0.0181410690185091,0.00057,0.00485,0.0111,0.0448,0.0211,0.00058,2.15558721309227e-06,1.46831568814344e-05,2.10790034125921e-05,0.00351,1.33914566269582e-05,1.01499803602452e-06,2.77572316973933e-06,0.00059,0.000596756075108627,3.24936136546e-05,0.000624,7.0589181207555e-06,7.8e-05,0.000114401893828422,7.41858050198271e-05,1.30716737113125e-05,0.00235830112318379,0.000142,9.96973923391185e-05,1.44267236419014e-05,7.8e-05,2.47383370870386e-05,6.6461865190376e-07,0.00023,5.88501186126734e-05,1.17314738740041e-05,4.16451569237809e-05,0.000124,0.00035,6.11881869029245e-05,6.25712904456519e-05,7.80227478344061e-05,0.000527,0.000590637773514151,5.06729110629108e-06,6.2e-05,6.67731257818828e-06,8.70811180832889e-05,3.6643441547053e-05,0.000678,1.13200018728794e-05,1.81040479338422e-05,3.9e-05,1.68679186423191e-06,1.18613875633841e-05,1.35090312577388e-05,0.000108,1.2730585149013e-05,0.000768,5.4e-05,0.00048,0.00251
"34",0.7501,0.00301,0.1255,0.0294,0.0225,6e-04,0.0036,0.0114,0.0487,0.0218,0.00053,2.15558721309227e-06,1.46831568814344e-05,2.10790034125921e-05,0.00363,1.33914566269582e-05,1.01499803602452e-06,2.77572316973933e-06,0.00068,0.000596756075108627,3.24936136546e-05,0.00065,6.6e-06,0.00012,0.00011,7.32e-05,1.33e-05,0.00235830112318379,0.00015,9.64e-05,1.44267236419014e-05,8.09e-05,2.53e-05,6.6461865190376e-07,0.000291,5.88501186126734e-05,1.14e-05,4.31e-05,0.000148,0.000364,6.11881869029245e-05,4.55e-05,8.32e-05,0.000543,0.000590637773514151,5.06729110629108e-06,6.15e-05,6.67731257818828e-06,8.97e-05,3.6643441547053e-05,0.000743,1.02e-05,7.75e-05,5.63e-05,1.68679186423191e-06,1.16e-05,1.37e-05,0.00014,3e-06,0.000727,7.75e-05,5e-04,0.00239
"35",0.686,0.00242,0.131,0.0272,0.0181410690185091,0.00536,0.00466116550277285,0.0098,0.0259,0.0204,0.000557225274421575,2.15558721309227e-06,1.46831568814344e-05,2.10790034125921e-05,0.00371,1.33914566269582e-05,1.01499803602452e-06,9e-06,0.000537,0.000596756075108627,3.24936136546e-05,0.00148,7.0589181207555e-06,0.000457,0.000114401893828422,7.41858050198271e-05,1.30716737113125e-05,0.00235830112318379,0.00012,0.000702,1.44267236419014e-05,7.49787078630578e-05,2.47383370870386e-05,6.6461865190376e-07,0.000211,5.88501186126734e-05,1.17314738740041e-05,2.5e-05,1e-04,0.000322,0.000102,0.000121,5.6e-05,0.000529,0.000590637773514151,5.06729110629108e-06,7.02794339106447e-05,6.67731257818828e-06,8.70811180832889e-05,3.6643441547053e-05,0.00071,1.13200018728794e-05,1.81040479338422e-05,4.48e-05,1.68679186423191e-06,1.18613875633841e-05,1.35090312577388e-05,0.000105938457995194,1.2730585149013e-05,0.000676,7.5570930862641e-05,0.00056,0.00256
"36",0.70692,0.00273,0.12337,0.02936,0.0181410690185091,6e-04,0.00425,0.01186,0.04488,0.0222,0.00071,2.15558721309227e-06,1.46831568814344e-05,2.10790034125921e-05,0.003675,1.33914566269582e-05,1.01499803602452e-06,2.77572316973933e-06,0.0006214,0.000596756075108627,4.35e-05,0.0005716,7.0589181207555e-06,0.0001528,0.0001541,0.0001014,2.01e-05,0.00235830112318379,0.000173,0.0001389,1.44267236419014e-05,0.0001448,3.35e-05,6.6461865190376e-07,0.0003499,9.22e-05,1.57e-05,4.22e-05,0.000148,0.0004523,4.06e-05,4.79e-05,0.0001026,0.0005964,0.000590637773514151,9.31e-05,7.02794339106447e-05,6.67731257818828e-06,0.0001155,3.6643441547053e-05,0.0007468,2.32e-05,2.42e-05,6.39e-05,1.68679186423191e-06,1.64e-05,1.66e-05,0.0001058,1.2730585149013e-05,0.0008423,9.92e-05,0.0005067,0.002288
"37",0.7511,0.003196,0.1227,0.02998,0.0249,0.000591,0.004074,0.01173,0.04529,0.02137,0.000553,9.4e-07,1.46831568814344e-05,2.10790034125921e-05,0.00396,1.482e-05,7.6e-07,5e-07,0.0005514,0.000596756075108627,2.715e-05,0.0007009,5.31e-06,0.0001296,0.0001065,7.236e-05,1.101e-05,0.00235830112318379,0.0001423,8.346e-05,1.36e-05,7.349e-05,2.247e-05,5.5e-07,0.0002517,4.346e-05,1.039e-05,4.327e-05,0.0001177,0.0003214,9.36e-05,5.679e-05,7.178e-05,0.0004908,0.000590637773514151,3.39e-06,7.571e-05,2.329e-05,8.059e-05,3.739e-05,0.0006261,1.025e-05,1.626e-05,4.526e-05,2.08e-06,1.016e-05,1.114e-05,0.0001027,8.7e-06,0.0006615,7.16e-05,0.0005516,0.002314
"38",0.745045957085179,0.00299309525029789,0.12134,0.02787,0.0181410690185091,0.00066,0.00409,0.0105,0.04066,0.01923,0.000557225274421575,2.15558721309227e-06,1.46831568814344e-05,2.10790034125921e-05,0.00403583,1.361e-05,8.4e-07,1.03e-06,0.0006473,0.000596756075108627,2.935e-05,0.000639356814180483,7.0589181207555e-06,0.00014792,0.0001251,8.12e-05,1.45e-05,0.00235830112318379,0.0001766,9.67e-05,1.44267236419014e-05,7.49787078630578e-05,2.68e-05,6.6461865190376e-07,0.0002915,0.00013229,1.36e-05,4.47e-05,0.000113935541967191,0.000382,6.11881869029245e-05,4.432e-05,8.92e-05,0.00053433,0.000590637773514151,5.06729110629108e-06,7.02794339106447e-05,6.67731257818828e-06,9.45e-05,3.6643441547053e-05,0.0006912,1.13200018728794e-05,2.06e-05,4.81e-05,1.5e-06,1.34e-05,1.158e-05,0.00011972,1.2730585149013e-05,0.0007243,8.63e-05,0.00043655,0.0024252
"39",0.76049,0.003042,0.12341,0.02864,0.0181410690185091,0.000611,0.004867,0.0131,0.04615,0.02198,6e-04,2.15558721309227e-06,1.46831568814344e-05,2.10790034125921e-05,0.00396,1.52e-05,1.01499803602452e-06,2.77572316973933e-06,0.000648,0.000596756075108627,3.13e-05,0.00075,6.2e-06,0.000119837816781568,0.000111,7.2e-05,1.42e-05,0.00235830112318379,0.000162,9.17e-05,1.44267236419014e-05,6.56e-05,2.81e-05,6.6461865190376e-07,0.00027,5.88501186126734e-05,1.17e-05,4.56e-05,0.000107,0.000342,7.36e-05,6.65e-05,8.32e-05,0.00052,0.000590637773514151,5.06729110629108e-06,7.29e-05,6.67731257818828e-06,8.94e-05,3.68e-05,0.000788,9.9e-06,1.83e-05,4.87e-05,1.9e-06,1.16e-05,1.27e-05,0.000105938457995194,1.2730585149013e-05,0.000713,7.53e-05,0.0004921,0.001907
"40",0.7541,0.003,0.1263,0.029,0.0181410690185091,6e-04,0.0049,0.0117,0.0437,0.0213,6e-04,2.15558721309227e-06,1.46831568814344e-05,2.10790034125921e-05,0.00371,1.33914566269582e-05,1.01499803602452e-06,2.77572316973933e-06,0.00059896920553969,0.000596756075108627,4e-05,0.00071,7.0589181207555e-06,9e-05,0.000114401893828422,7.41858050198271e-05,1.30716737113125e-05,0.00235830112318379,0.00015,9.96973923391185e-05,1.44267236419014e-05,7e-05,2.47383370870386e-05,6.6461865190376e-07,0.000262429089396989,5.88501186126734e-05,1.17314738740041e-05,4.16451569237809e-05,0.00011,0.000347598006532663,7e-05,7e-05,7.80227478344061e-05,0.00054,0.000590637773514151,5.06729110629108e-06,7e-05,6.67731257818828e-06,8.70811180832889e-05,3.6643441547053e-05,0.00075,1.13200018728794e-05,1.81040479338422e-05,6e-05,1.68679186423191e-06,1.18613875633841e-05,1.35090312577388e-05,0.00016,1.2730585149013e-05,0.00076,7.5570930862641e-05,0.00047,0.0025
"41",0.7453,0.003,0.1264,0.0301,0.0182,0.00058,0.0046,0.0113,0.0456,0.0212,6e-04,2.15558721309227e-06,1.46831568814344e-05,2.10790034125921e-05,0.00378,1.47e-05,1.1e-06,1.1e-06,0.000645,0.000596756075108627,4.38e-05,0.000736,6.1e-06,0.000143,0.000118,7.31e-05,1.36e-05,0.00235830112318379,0.000161,9.25e-05,1.35e-05,8.41e-05,2.58e-05,6.6461865190376e-07,0.000275,6.81e-05,1.24e-05,1.7e-05,0.000118,0.000352,7.14e-05,4.63e-05,8.53e-05,0.00071,0.000590637773514151,2.7e-06,8.39e-05,6.67731257818828e-06,9.13e-05,4.57e-05,0.000747,1.27e-05,1.78e-05,5.58e-05,2e-06,1.14e-05,1.49e-05,8.45e-05,1.11e-05,0.000741,7.96e-05,0.000616,0.00302
"42",0.7451,0.0029,0.1261,0.0288,0.0181410690185091,0.000577,0.0046,0.0113,0.0441,0.0213,0.000565,2.15558721309227e-06,1.46831568814344e-05,2.10790034125921e-05,0.00369,1.3e-05,1.01499803602452e-06,1.3e-06,0.000583,0.000596756075108627,2.63e-05,0.0005868,6.3e-06,5.21e-05,0.0001164,7.2e-05,1.23e-05,0.00235830112318379,0.0001578,9.63e-05,1.44267236419014e-05,6.75e-05,2.29e-05,6.6461865190376e-07,0.0002619,3.15e-05,1.1e-05,4.16451569237809e-05,8.21e-05,0.0003311,5.69e-05,5.81e-05,7.65e-05,0.0005191,0.000590637773514151,5.06729110629108e-06,6.75e-05,6.67731257818828e-06,8.39e-05,1.55e-05,0.0006985,8.71e-06,1.41e-05,4.6e-05,2.21e-06,1.035e-05,9.57e-06,9.73e-05,9.1e-06,0.000671,7.11e-05,0.000525,0.002343
"43",0.745045957085179,0.00299309525029789,0.11,0.02,0.0181410690185091,6e-04,0.004,0.013,0.036,0.016,0.000557225274421575,2.15558721309227e-06,1.46831568814344e-05,2.10790034125921e-05,0.0038,1.3e-05,1.01499803602452e-06,6.5e-05,0.00062,0.000596756075108627,3.1e-05,0.00075,7.0589181207555e-06,5.9e-05,0.00013,8.3e-05,1.4e-05,0.00235830112318379,0.000159653240057259,1e-04,1.44267236419014e-05,7.49787078630578e-05,2.7e-05,6.6461865190376e-07,0.00027,5.88501186126734e-05,1.3e-05,4.3e-05,0.000113935541967191,0.00035,8.1e-05,3.2e-05,8.1e-05,0.000498025801301422,0.000590637773514151,5.06729110629108e-06,7.02794339106447e-05,6.5e-05,9.2e-05,3.6643441547053e-05,0.00069456659919708,1.13200018728794e-05,1.9e-05,4.8e-05,1e-06,1.2e-05,1.3e-05,1e-04,1.2730585149013e-05,0.00071,8.3e-05,0.00027,0.0023634226763696
"44",0.745045957085179,0.00297,0.1252,0.02907,0.0181410690185091,0.00058,0.0047,0.01172,0.04465,0.02127,0.00056,2.15558721309227e-06,1.46831568814344e-05,2.10790034125921e-05,0.00373,1.41e-05,1.01499803602452e-06,2.77572316973933e-06,0.000621,0.000596756075108627,2.87e-05,0.000697,5.6e-06,0.000116,0.000119,7.72e-05,1.33e-05,0.00235830112318379,0.000164,0.000101,1.44267236419014e-05,7.57e-05,2.55e-05,6.6461865190376e-07,0.000272,5.76e-05,1.24e-05,4.16451569237809e-05,0.000119,0.000346,5.57e-05,4.99e-05,8.06e-05,0.000528,0.000590637773514151,5.06729110629108e-06,7.51e-05,6.67731257818828e-06,8.95e-05,3.38e-05,0.000724,9.8e-06,1.82e-05,4.98e-05,2.1e-06,1.21e-05,1.32e-05,0.000101,1.2730585149013e-05,0.000755,8.05e-05,0.000512,0.00252
"45",0.773,0.0047,0.123,0.0334,0.0181410690185091,4e-04,0.0036,0.009,0.0101,0.0165,0.000952,2.15558721309227e-06,1.46831568814344e-05,2.10790034125921e-05,0.00354317536246037,1.33914566269582e-05,1.01499803602452e-06,0.00067,0.00059896920553969,5e-04,3e-05,0.00068,7.0589181207555e-06,0.00012,0.000114401893828422,7.41858050198271e-05,1.30716737113125e-05,0.00235830112318379,0.000159653240057259,9.96973923391185e-05,1.44267236419014e-05,7.49787078630578e-05,2.47383370870386e-05,6.6461865190376e-07,0.000262429089396989,5.88501186126734e-05,1.17314738740041e-05,4.16451569237809e-05,0.000113935541967191,0.000347598006532663,7e-05,5e-05,7.80227478344061e-05,0.000498025801301422,0.01362,5.06729110629108e-06,7.02794339106447e-05,9e-05,8.70811180832889e-05,3.6643441547053e-05,0.00069456659919708,1.13200018728794e-05,1.81040479338422e-05,4.81670091883723e-05,3e-06,1.18613875633841e-05,1.35090312577388e-05,9e-05,1.2730585149013e-05,0.000700959782169486,7.5570930862641e-05,0.00048,0.0023634226763696
"46",0.745045957085179,0.0029,0.1251,0.03065,0.0181410690185091,0.00057,0.00493,0.01196,0.0497,0.02223,6e-04,1.38e-06,4.79e-06,2.10790034125921e-05,0.003803,1.5e-05,8.6e-07,1.38e-06,0.00063,0.000596756075108627,2.731e-05,0.000653,5.2e-06,0.000111,0.00011468,7.504e-05,1.245e-05,0.00235830112318379,0.0001372,9.8e-05,1.44267236419014e-05,7.595e-05,2.473e-05,6.6461865190376e-07,0.000265,6.6e-05,1.233e-05,4e-05,0.00010301,0.0003297,5.4e-05,4.745e-05,8.25e-05,0.0005083,0.000590637773514151,1.36e-06,7.02794339106447e-05,7.3e-07,8.658e-05,3.27e-05,0.000684,8.53e-06,1.787e-05,4.1e-05,1.99e-06,1.115e-05,1.282e-05,8.1e-05,8.03e-06,0.0006903,7.919e-05,0.000499,0.002342
"47",0.7497,0.00299,0.1258,0.0288,0.0181410690185091,0.00061,0.0048,0.0117,0.0453,0.0215,0.00058,2.15558721309227e-06,1.46831568814344e-05,2.10790034125921e-05,0.00385,1.33914566269582e-05,1.01499803602452e-06,2.77572316973933e-06,0.00065,0.00095,5e-05,0.00065,7.0589181207555e-06,7e-05,0.000114401893828422,7.41858050198271e-05,1.30716737113125e-05,0.002,0.00018,9.96973923391185e-05,1.6e-05,6e-05,2.47383370870386e-05,6.6461865190376e-07,0.00025,5.88501186126734e-05,1.17314738740041e-05,4.16451569237809e-05,7e-05,0.00031,5e-05,2e-05,7e-05,5e-04,6e-04,5.06729110629108e-06,7.02794339106447e-05,6.67731257818828e-06,8e-05,3.6643441547053e-05,0.00072,2e-05,1.81040479338422e-05,0.00016,6e-06,1.18613875633841e-05,4e-05,0.00013,1.2730585149013e-05,0.00071,7.5570930862641e-05,0.00055,0.0024
"48",0.7472,0.00292,0.1278,0.0286,0.0181410690185091,0.00064,0.0039,0.011,0.0465,0.0209,0.00051,2.15558721309227e-06,1.46831568814344e-05,2.10790034125921e-05,0.00359,1.71e-05,1.01499803602452e-06,4.2e-06,0.00058,0.000596756075108627,3.26e-05,0.00092,1.08e-05,0.000119837816781568,0.0001296,8.74e-05,1.53e-05,0.00235830112318379,0.0001685,0.0001141,1.6e-05,6.8e-05,2.72e-05,6.6461865190376e-07,0.0002103,8.31e-05,1.43e-05,4.16451569237809e-05,0.0001159,0.0003804,7.86e-05,6.25712904456519e-05,8.96e-05,0.000504,0.000590637773514151,5.06729110629108e-06,5.5e-05,6.67731257818828e-06,9.52e-05,3.57e-05,0.00066,1.11e-05,1.95e-05,4.81670091883723e-05,2.3e-06,1.3e-05,1.16e-05,0.000139,1.2730585149013e-05,7e-04,9.23e-05,0.00055,0.00241
"49",0.741,0.0026,0.1215,0.0288,0.0181410690185091,6e-04,0.0045,0.0114,0.0051,0.0012,4e-04,2.15558721309227e-06,1.46831568814344e-05,2.10790034125921e-05,0.003372,1.33914566269582e-05,1.01499803602452e-06,2.77572316973933e-06,0.000494,0.000596756075108627,2.4e-05,0.000541,7.0589181207555e-06,0.000125,0.000114401893828422,7.41858050198271e-05,1.30716737113125e-05,0.00235830112318379,0.000149,9.96973923391185e-05,2.7e-05,6.8e-05,2.47383370870386e-05,6.6461865190376e-07,0.000198,5.88501186126734e-05,1.17314738740041e-05,2.9e-05,0.000113,0.000301,6e-05,6e-05,7.80227478344061e-05,0.000471,0.000590637773514151,5.06729110629108e-06,6e-05,6.67731257818828e-06,8e-05,3.6643441547053e-05,0.00069,3.3e-05,1.81040479338422e-05,4.3e-05,1.68679186423191e-06,1.18613875633841e-05,1.35090312577388e-05,9.9e-05,1.2730585149013e-05,0.000682,5.3e-05,0.000462,0.002465
"50",0.7484,0.00291,0.1304,0.0281,0.0181410690185091,0.00049,0.005,0.0115,0.0487,0.0209,0.00063,2.15558721309227e-06,1.46831568814344e-05,2.10790034125921e-05,0.003203,1.34e-05,1.01499803602452e-06,2.77572316973933e-06,0.000623,0.00129,2.21e-05,0.000471,7.0589181207555e-06,0.000127,0.000124,8.22e-05,1.37e-05,0.00336,0.000159653240057259,0.0001045,1.44267236419014e-05,7.51e-05,2.64e-05,6.6461865190376e-07,0.0002646,4.65e-05,1.29e-05,4.83e-05,9.49e-05,0.0003552,6.58e-05,3.59e-05,8.16e-05,0.000352,0.000590637773514151,5.06729110629108e-06,6.76e-05,6.67731257818828e-06,9.2e-05,3.6643441547053e-05,0.0007189,4.5e-06,1.84e-05,6.77e-05,1.68679186423191e-06,1.23e-05,1.07e-05,9.54e-05,1.2730585149013e-05,0.0006638,8.37e-05,0.000516,0.00236
"51",0.747,0.003,0.125,0.0291,0.0181410690185091,6e-04,0.0047,0.0114,0.046,0.0213,5e-04,2.15558721309227e-06,1.46831568814344e-05,2.10790034125921e-05,0.00354317536246037,1.33914566269582e-05,1.01499803602452e-06,2.77572316973933e-06,0.000628,0.000596756075108627,3.24936136546e-05,0.000639356814180483,7.0589181207555e-06,0.000119837816781568,0.000105,6.97e-05,1.28e-05,0.00327,0.000159653240057259,9.54e-05,1.44267236419014e-05,7.49787078630578e-05,2.46e-05,6.6461865190376e-07,0.000264,5.88501186126734e-05,1.16e-05,4.16451569237809e-05,0.000113935541967191,0.000313,6.11881869029245e-05,6.25712904456519e-05,8.02e-05,0.000498025801301422,0.000590637773514151,5.06729110629108e-06,7.02794339106447e-05,6.67731257818828e-06,8.23e-05,3.6643441547053e-05,0.00069456659919708,1.13200018728794e-05,1.8e-05,4.99e-05,1.68679186423191e-06,1.14e-05,1.27e-05,0.000105938457995194,1.2730585149013e-05,0.000648,7.18e-05,0.000512477837289408,0.00205
"52",0.7405,0.00294,0.126,0.0298,0.0181410690185091,0.000595,0.00475,0.0113,0.04615,0.0214,6e-04,2.15558721309227e-06,6.5e-06,2.10790034125921e-05,0.003687,1.233e-05,1.01499803602452e-06,2.77572316973933e-06,0.000661,0.000596756075108627,2.86e-05,0.000748,5.907e-06,0.0001313,0.000115,7.663e-05,1.333e-05,0.00235830112318379,0.0001613,9.897e-05,1.44267236419014e-05,7.763e-05,2.737e-05,6.6461865190376e-07,0.0002637,6.46e-05,1.197e-05,4.273e-05,0.000113935541967191,0.000378,6.11881869029245e-05,4.57e-05,7.597e-05,0.000518,0.000590637773514151,1.63e-06,7.363e-05,6.67731257818828e-06,8.953e-05,3.6643441547053e-05,0.0007565,1.18e-05,1.897e-05,5.053e-05,1.967e-06,1.211e-05,1.313e-05,0.0001357,6.663e-06,0.0006913,8.053e-05,0.000554,0.002797
"53",0.754,0.0031,0.129,0.0301,0.0181410690185091,6e-04,0.0052,0.0088,0.046,0.022,6e-04,2.15558721309227e-06,1.46831568814344e-05,2.10790034125921e-05,0.003952,1.4e-05,1.01499803602452e-06,2.77572316973933e-06,0.000629,0.000596756075108627,3.25e-05,0.000776,7.5e-06,0.000125,0.000114,7.3e-05,1.32e-05,0.00235830112318379,0.000152,9.15e-05,1.44267236419014e-05,7.65e-05,2.59e-05,6.6461865190376e-07,0.0002804,5.88501186126734e-05,1.2e-05,6.1e-05,0.000117,0.000352,3.1e-05,4.5e-05,8.4e-05,0.000534,0.000590637773514151,5.06729110629108e-06,7.4e-05,6.67731257818828e-06,7.5e-05,3.1e-05,0.000765,1.1e-05,1.81040479338422e-05,4.4e-05,1.68679186423191e-06,1.18613875633841e-05,1.3e-05,0.000115,1.1e-05,0.000832,7.7e-05,0.000651,0.002415
"54",0.682,0.00239,0.1014,0.0278,0.0181410690185091,0.00054,0.00553,0.0102,0.0232,0.0203,0.00054,2.15558721309227e-06,1.46831568814344e-05,2.10790034125921e-05,0.004115,1.33914566269582e-05,1.01499803602452e-06,2.3e-05,0.000647,0.000596756075108627,3.24936136546e-05,0.000558,6.2e-05,0.000107,0.000114401893828422,7.41858050198271e-05,1.30716737113125e-05,0.00235830112318379,0.000137,9.96973923391185e-05,1.44267236419014e-05,3.2e-05,2.47383370870386e-05,6.6461865190376e-07,0.000274,5.88501186126734e-05,1.17314738740041e-05,4.16451569237809e-05,0.000113935541967191,0.000347598006532663,3.6e-05,5.2e-05,7.80227478344061e-05,0.000472,0.000577,5.06729110629108e-06,7.02794339106447e-05,6.67731257818828e-06,8.70811180832889e-05,5.6e-05,0.000628,1.13200018728794e-05,1.81040479338422e-05,5.3e-05,1.68679186423191e-06,1.18613875633841e-05,1.35090312577388e-05,0.000158,1.2730585149013e-05,0.000653,7.5570930862641e-05,0.000501,0.002347
"55",0.7156,0.004,0.1341,0.0266,0.0181410690185091,0.00063,0.0043,0.0122,0.0453,0.0149,7e-04,5.7e-06,7.7e-05,2.10790034125921e-05,0.00365,1.33914566269582e-05,1e-06,3.8e-06,0.0006053,0.000596756075108627,3.15e-05,0.0008693,5.3e-06,0.0004473,0.0001145,7.48e-05,1.38e-05,0.00235830112318379,0.0003493,9.6e-05,1.61e-05,7.6e-05,2.47e-05,1e-06,0.000265,5.88501186126734e-05,1.15e-05,5.13e-05,0.0001571,0.0003357,0.000484,4.37e-05,7.47e-05,0.0004953,0.0022,9.4e-06,8.51e-05,6.67731257818828e-06,8.92e-05,5.32e-05,0.0007403,9.1e-06,1.76e-05,5.06e-05,2e-07,1.16e-05,1.3e-05,0.000403,6.89e-05,0.000674,7.83e-05,0.0005113,0.0023517
"56",0.7534,0.0025,0.1275,0.0329,0.0181410690185091,6e-04,0.005,0.0126,0.0464,0.021,6e-04,2.15558721309227e-06,1.46831568814344e-05,2.10790034125921e-05,0.00401,1.33914566269582e-05,1.01499803602452e-06,2.77572316973933e-06,0.000655,0.000596756075108627,3.1e-05,0.000676,6.8e-06,0.000195,0.0001205,8e-05,1.36e-05,0.00235830112318379,0.000159653240057259,0.000106,1.44267236419014e-05,3.3e-05,2.36e-05,6.6461865190376e-07,0.00029,5.88501186126734e-05,1.19e-05,4.16451569237809e-05,0.00035,0.000365,7.1e-05,0.000147,8.29e-05,0.000514,0.000590637773514151,5.06729110629108e-06,5e-05,6.67731257818828e-06,8.63e-05,3.6643441547053e-05,0.000814,1.06e-05,1.66e-05,2.31e-05,1.68679186423191e-06,1.19e-05,7.2e-06,8.7e-05,1.2730585149013e-05,0.000677,8.2e-05,0.000693,0.00177
"57",0.747,0.003,0.1255,0.03,0.0181410690185091,6e-04,0.0052,0.0114,0.0454,0.0217,6e-04,2.15558721309227e-06,1.46831568814344e-05,2.10790034125921e-05,0.00369,1.47e-05,1.01499803602452e-06,2.77572316973933e-06,0.000614,0.000596756075108627,2.91e-05,0.000688,5.79e-06,0.00012,0.000115,7.54e-05,1.29e-05,0.00235830112318379,0.000161,9.59e-05,1.35e-05,7.18e-05,2.47e-05,6.6461865190376e-07,0.000269,6.27e-05,1.19e-05,4.16451569237809e-05,0.000114,0.000346,5.69e-05,4.98e-05,8.01e-05,0.000525,0.000590637773514151,5.06729110629108e-06,7.34e-05,6.67731257818828e-06,8.95e-05,3.6643441547053e-05,0.000719,9.64e-06,1.74e-05,4.68e-05,1.68679186423191e-06,1.17e-05,1.29e-05,9.82e-05,1.2730585149013e-05,0.000728,7.85e-05,0.000516,0.00252
"58",0.76277,0.002571,0.11736,0.02872,0.0181410690185091,0.0005798,0.004502,0.01095,0.04618,0.02123,0.000557225274421575,2.15558721309227e-06,1.46831568814344e-05,2.10790034125921e-05,0.003529,1.33914566269582e-05,1.01499803602452e-06,2.77572316973933e-06,0.0006401,0.000596756075108627,3.24936136546e-05,0.000639356814180483,7.0589181207555e-06,0.000119837816781568,0.0001259,8.006e-05,1.318e-05,0.00235830112318379,0.000159653240057259,0.0001053,1.44267236419014e-05,7.49787078630578e-05,2.57e-05,6.6461865190376e-07,0.0002726,5.88501186126734e-05,1.266e-05,4.16451569237809e-05,0.000113935541967191,0.0003678,6.11881869029245e-05,6.25712904456519e-05,8.314e-05,0.000498025801301422,0.000590637773514151,5.06729110629108e-06,8.026e-05,6.67731257818828e-06,9.404e-05,3.6643441547053e-05,0.0006794,1.13200018728794e-05,1.83e-05,5.175e-05,1.68679186423191e-06,1.222e-05,1.377e-05,0.000105938457995194,1.2730585149013e-05,0.00075,8.126e-05,0.000512477837289408,0.002531
"59",0.753,0.00303,0.125,0.0288,0.0181410690185091,0.000539,0.00433,0.0113,0.0428,0.0219,0.000577,2.15558721309227e-06,1.46831568814344e-05,2.10790034125921e-05,0.004812,1.33914566269582e-05,1.01499803602452e-06,2.77572316973933e-06,0.000616,0.000596756075108627,5.05e-05,0.000529,6.66e-06,0.00017,0.000117,7.67e-05,1.47e-05,0.00235830112318379,0.000167,0.000101,1.44267236419014e-05,7.49787078630578e-05,2.5e-05,5.74e-07,0.000243,5.88501186126734e-05,1.21e-05,4e-05,0.000112,0.000324,8.82e-05,7.49e-05,8.04e-05,0.000495,0.000590637773514151,5.06729110629108e-06,9.46e-05,6.67731257818828e-06,8.84e-05,3.6643441547053e-05,0.000647,1.13200018728794e-05,1.86e-05,5.44e-05,1.74e-06,1.16e-05,1.49e-05,0.000105938457995194,1.2730585149013e-05,0.000706,7.93e-05,0.000543,0.002418
"60",0.7434,0.003,0.1179,0.0321,0.0181410690185091,6e-04,0.005,0.0108,0.046,0.0203,5e-04,2.15558721309227e-06,1.46831568814344e-05,2.10790034125921e-05,0.00392,1.33914566269582e-05,1.01499803602452e-06,2.77572316973933e-06,0.00062,0.000596756075108627,3.24936136546e-05,0.00065,7.0589181207555e-06,0.00013,0.000111,7e-05,1.25e-05,0.00235830112318379,0.000159653240057259,9.5e-05,1.44267236419014e-05,7.49787078630578e-05,2.47383370870386e-05,6.6461865190376e-07,0.000275,6e-05,1.17314738740041e-05,4.16451569237809e-05,0.00013,0.00034,6.11881869029245e-05,6.25712904456519e-05,7.5e-05,0.00061,0.000590637773514151,5.06729110629108e-06,6.5e-05,6.67731257818828e-06,9e-05,3.6643441547053e-05,0.00078,1.13200018728794e-05,1.81040479338422e-05,4.81670091883723e-05,1.68679186423191e-06,1.18613875633841e-05,1.35090312577388e-05,0.000105938457995194,1.2730585149013e-05,0.00071,7.5e-05,0.00053,0.00245
"61",0.742,0.003,0.1251,0.0291,0.0218,6e-04,0.0207,0.0118,0.0472,0.0214,4e-04,2.15558721309227e-06,1.46831568814344e-05,2.10790034125921e-05,0.00364,1.33914566269582e-05,1.01499803602452e-06,2.77572316973933e-06,0.00062,0.000596756075108627,6e-05,0.00068,7.0589181207555e-06,1e-04,0.00011,7.3e-05,1.3e-05,0.00235830112318379,0.00018,9.6e-05,1.44267236419014e-05,5e-05,2.3e-05,6.6461865190376e-07,0.00031,5.88501186126734e-05,1.1e-05,4e-05,8e-04,3e-04,0.00011,4e-05,7.8e-05,0.00037,0.000590637773514151,5.06729110629108e-06,6e-05,6.67731257818828e-06,8.6e-05,2e-05,0.00059,1e-05,1.81040479338422e-05,1e-05,1.68679186423191e-06,1.18613875633841e-05,2e-05,8e-05,4e-05,0.00066,7.4e-05,0.00046,0.00229
"62",0.74473,0.00291,0.12605,0.02866,0.0181410690185091,6e-04,0.00449,0.01134,0.04686,0.02168,0.00052,2.15558721309227e-06,1.46831568814344e-05,2.10790034125921e-05,0.003476,1.33914566269582e-05,1.01499803602452e-06,2.77572316973933e-06,0.000551,0.000596756075108627,3.9e-05,0.000576,7.0589181207555e-06,8.5e-05,0.000114401893828422,7.41858050198271e-05,1.30716737113125e-05,0.00235830112318379,0.000145,9.96973923391185e-05,1.44267236419014e-05,7.4e-05,2.47383370870386e-05,6.6461865190376e-07,0.000252,5.88501186126734e-05,1.17314738740041e-05,3.6e-05,0.00011,0.000261,2.9e-05,4.6e-05,7.80227478344061e-05,0.000509,0.000590637773514151,5.06729110629108e-06,6.2e-05,6.67731257818828e-06,6.6e-05,3.1e-05,0.000691,1.13200018728794e-05,1.81040479338422e-05,4.8e-05,1.68679186423191e-06,1.18613875633841e-05,1.2e-05,8.7e-05,4.6e-05,0.000679,6.4e-05,0.000477,0.002466
"63",0.7504,0.0029,0.1252,0.0287,0.022,6e-04,0.0048,0.0111,0.0459,0.0212,6e-04,7.8e-07,5.6e-06,2.41e-05,0.00393,1.51e-05,7.5e-07,1.7e-06,0.000573,0.000596756075108627,3.11e-05,0.000758,6.9e-06,0.000123,9.94e-05,6.23e-05,1.26e-05,0.00235830112318379,0.000154,9.67e-05,1.32e-05,8.58e-05,2.16e-05,6.6461865190376e-07,0.000273,5.96e-05,9.6e-06,4.81e-05,0.000114,0.000306,6.54e-05,4.87e-05,7.52e-05,0.000562,0.000590637773514151,5.06729110629108e-06,9.24e-05,6.67731257818828e-06,8.26e-05,3.38e-05,0.000672,1.08e-05,1.62e-05,4.65e-05,2.3e-06,9.8e-06,1.24e-05,0.000116,8.9e-06,0.000646,7.04e-05,0.000463,0.00252
"64",0.7486,0.0029,0.1243,0.0303,0.0205,0.00058,0.0047,0.0115,0.0461,0.0213,5e-04,2.15558721309227e-06,1.46831568814344e-05,4e-05,0.00365,1.36e-05,1.01499803602452e-06,2.4e-06,0.000592,0.00044,2.93e-05,0.000739,5.1e-06,0.000122,0.000113,7.2e-05,1.34e-05,0.003,0.000169,9.34e-05,1.61e-05,7.42e-05,2.56e-05,6.6461865190376e-07,0.00027,6.3e-05,1.19e-05,3.84e-05,0.000105,0.000339,6.5e-05,5.04e-05,8.1e-05,0.000551,0.00089,5.06729110629108e-06,7.71e-05,2.5e-07,9.03e-05,4.2e-05,0.000748,1.06e-05,1.66e-05,5.02e-05,1.68679186423191e-06,1.1e-05,1.19e-05,9.2e-05,1.06e-05,0.000711,7.79e-05,0.000698,0.00254
"65",0.7486,0.003,0.126,0.0289,0.0181410690185091,6e-04,0.0048,0.0115,0.046,0.0216,0.00055,2.15558721309227e-06,1.46831568814344e-05,2.10790034125921e-05,0.00384,1.3e-05,9e-07,7e-07,0.000632,0.000596756075108627,3e-05,5e-04,6e-06,0.00012,0.000117,7.6e-05,1.4e-05,0.00235830112318379,0.00015,9.8e-05,1.2e-05,7.3e-05,2.4e-05,6e-07,0.000275,6.1e-05,1.1e-05,4.6e-05,0.00012,0.000362,5.8e-05,5e-05,8.5e-05,0.000538,6e-04,2e-06,7e-05,6.67731257818828e-06,8.9e-05,3.5e-05,0.00081,9.6e-06,1.7e-05,5.1e-05,2e-06,1.2e-05,1.3e-05,9e-05,8e-06,0.000687,7.8e-05,0.00055,0.00241
"66",0.7418,0.003,0.1234,0.0281,0.0181410690185091,6e-04,0.0042,0.0112,0.0422,0.0207,4e-04,1.5e-06,1.47e-05,2.10790034125921e-05,0.00404,1.27e-05,1.01499803602452e-06,2.77572316973933e-06,0.000629,0.000596756075108627,2.6e-05,0.000637,7.0589181207555e-06,0.000119837816781568,0.000123,8.06e-05,1.38e-05,0.00235830112318379,0.000159653240057259,0.000106,1.44267236419014e-05,7.49787078630578e-05,2.64e-05,6.6461865190376e-07,0.000278,5.88501186126734e-05,1.28e-05,4.12e-05,0.000113935541967191,0.00036,5.24e-05,5.47e-05,8.42e-05,0.000498025801301422,0.000590637773514151,1.5e-06,7.02794339106447e-05,6.25e-05,9.39e-05,3.6643441547053e-05,0.00069456659919708,1.13200018728794e-05,1.83e-05,5.38e-05,1.68679186423191e-06,1.29e-05,1.35e-05,0.000105938457995194,1.2730585149013e-05,0.000700959782169486,8.26e-05,0.000512477837289408,0.0023634226763696
"67",0.7428,0.0026,0.1263,0.02806,0.0181410690185091,6e-04,0.0049,0.0112,0.0469,0.0226,6e-04,2.15558721309227e-06,1.46831568814344e-05,2.10790034125921e-05,0.003573,1.33914566269582e-05,1.23e-06,2.77572316973933e-06,0.00064439,0.000596756075108627,3.24936136546e-05,0.00056,5.97e-06,1e-04,0.00011654,7.615e-05,1.292e-05,0.00235830112318379,0.000154,9.771e-05,1.44267236419014e-05,8.215e-05,2.508e-05,6.6461865190376e-07,0.00027679,5.54e-05,1.158e-05,4.87e-05,0.00012,0.00036159,8.2e-05,7.8e-05,8.297e-05,0.00054,0.000590637773514151,3.4e-05,3.4e-05,6.67731257818828e-06,9.148e-05,3.6e-05,0.000698,1.077e-05,1.761e-05,5.483e-05,2.58e-06,1.191e-05,1.32e-05,0.00014,1.2730585149013e-05,0.000692,7.768e-05,0.000463,0.002475
"68",0.748,0.0049,0.124,0.0285,0.0224,6e-04,0.005,0.011,0.0439,0.0202,5e-04,9e-06,1.46831568814344e-05,2.10790034125921e-05,0.00328,1.42e-05,1.01499803602452e-06,7e-07,0.000736,0.000596756075108627,2.7e-05,0.000872,7.0589181207555e-06,0.000119837816781568,0.000105,7.5e-05,1.29e-05,0.00235830112318379,0.000159653240057259,9.42e-05,1.44267236419014e-05,7.49787078630578e-05,2.51e-05,6.6461865190376e-07,0.000262429089396989,3e-05,1.2e-05,5.5e-05,0.000113935541967191,0.000383,0.000135,0.000305,9.5e-05,0.000498025801301422,0.0018,5.06729110629108e-06,8.2e-05,6.67731257818828e-06,0.000101,3.6643441547053e-05,6e-04,1.13200018728794e-05,2.07e-05,4.81670091883723e-05,1.68679186423191e-06,1.08e-05,1.35090312577388e-05,9e-05,1.2730585149013e-05,0.00055,7.62e-05,0.00053,0.0023634226763696
