"","SiO2","TiO2","Al2O3","Fe2O3T","Fe(II)O","MnO","MgO","CaO","Na2O","K2O","P2O5","Ag","As","Ba","Be","Bi","Cd","Ce","Co","Cr","Cs","Cu","Dy","Er","Eu","F","Ga","Gd","Ge","Hf","Hg","Ho","In","La","Li","Lu","Mo","Nb","Nd","Ni","Pb","Pr","Rb","Sb","Sc","Sm","Sn","Sr","Ta","Tb","Th","Tl","Tm","U","V","W","Y","Yb","Zn","Zr","Rest"
"1",0.719649053688451,5.99707544740376e-05,0.1589224993562,0.00599707544740376,0.00349016751795441,0.00157922986781632,0.000199902514913459,0.0040980015557259,0.0522745076498694,0.0358825014269658,0.000299853772370188,1.89555522104104e-07,1.86470681579814e-06,1.31935659842883e-05,5.13708188953349e-05,2.2584569353681e-05,1.05996525563787e-07,2.69868395133169e-05,9.99512574567294e-07,0.000175914213123844,7.09653927942778e-05,1.49926886185094e-05,3.99805029826917e-06,1.49926886185094e-06,1.99902514913459e-08,0.0127053075574248,5.42796112396865e-05,3.29839149607207e-06,5.28396354304402e-06,7.09653927942778e-06,1.15735835665483e-08,6.39688047723068e-07,2.29947889874878e-07,8.09605185399508e-06,0.0017328220609474,2.99853772370188e-07,3.99805029826917e-07,5.80716805823597e-05,1.51925911334229e-05,1.55923961632498e-05,5.96401611364213e-05,4.22793819041965e-06,0.00214995154789425,4.99756287283647e-07,9.1955156860191e-06,5.89712418994703e-06,4.69770910046628e-05,1.35933710141152e-05,4.49780658555282e-05,6.7966855070576e-07,1.17942483798941e-05,1.40186247745169e-05,3.19844023861534e-07,3.49829401098553e-06,1.59922011930767e-06,4.29790407063936e-06,2.19892766404805e-05,2.05899590360862e-06,7.89614933908162e-05,3.69819652589899e-05,4.47694603535886e-05
"2",0.716551158105689,0.000169315027976881,0.1574629760185,0.00506949113177838,0.00836615432356354,0.00148399642167972,0.000169315027976881,0.00385440681335606,0.0539816148020409,0.0351776869890791,8.96373677524665e-05,1.89555522098454e-07,1.86470681574256e-06,1.11150336013058e-05,5.13708188938037e-05,2.25845693530079e-05,1.05996525560627e-07,2.64729026095618e-05,4.82049844357709e-07,0.000196206238302621,7.28552605676992e-05,5.38820177267604e-06,4.43206984998307e-06,1.75788837870115e-06,2.689121032574e-08,0.0127053075570461,5.35832265009189e-05,4.13626653639993e-06,5.28396354288653e-06,7.46978064603888e-06,1.15735835662033e-08,6.52360843087395e-07,2.29947889868024e-07,7.62913596648771e-06,0.00173282206089575,3.39626026706568e-07,4.50105157398686e-07,6.83634324725478e-05,1.52383525179193e-05,1.29177406638832e-05,6.46783406871686e-05,4.29462588609595e-06,0.00225388181359813,5.04507659714754e-07,9.45176244412119e-06,6.05849008931393e-06,3.26172631644533e-05,1.28878615412991e-05,4.69899001173486e-05,8.1669601730025e-07,1.24496344100648e-05,1.4018624774099e-05,3.29666319178516e-07,3.64226504300856e-06,1.21608028917513e-06,4.76721484674042e-06,2.4968986772826e-05,2.35845874264267e-06,7.96477811018305e-05,3.93806835659169e-05,0
"3",0.7127,0.00035,0.1559,0.0046,0.0037,0.00162,3e-04,0.0038,0.0555,0.0365,0.00015,1.89555522104104e-07,9.6e-07,1.38277348503984e-05,6.66e-05,1.9e-05,1.05996525563787e-07,2.85e-05,7.12894431653659e-07,0.00019,7.51263902626567e-05,6.5e-06,4.54e-06,1.85e-06,3.1e-07,0.01349,5.42796112396865e-05,4.45e-06,5.28396354304402e-06,7.41003152574269e-06,1.3e-08,7.03256655847865e-07,2.29947889874878e-07,8.05e-06,0.001742,3e-07,4.50105157412101e-07,6.15e-05,1.57e-05,1.4087204495371e-05,6.3e-05,4.6e-06,0.002287,5.3e-07,8.70646583691898e-06,5.91e-06,4.9e-05,1.7e-05,4.44228215684003e-05,7.52141822226229e-07,1.3e-05,1.40186247745169e-05,3.10739688219285e-07,9e-06,0,4.76721484688251e-06,2.29e-05,2.5e-06,9.5e-05,3.4e-05,0.00639090229936345
"4",0.710696716941057,9.80045175273367e-05,0.163719680644884,0.0067807070615228,0.0034901675127615,0.00167060898617228,0.000491355584168319,0.00363603132284556,0.056702434413024,0.035082788709618,0.000208005656080062,1.89555521822071e-07,1.86470681302371e-06,1.0996537973687e-05,6.94776796014003e-05,2.25845693200782e-05,1.05996525406078e-07,2.68574962306403e-05,8.84440051502974e-07,0.000196542233667328,7.68480133639251e-05,3.93084467334655e-06,4.32392914068121e-06,1.75905299132258e-06,9.82711168336638e-09,0.012705307538521,4.88407450663309e-05,3.70482110462913e-06,5.28396353518219e-06,7.72410978312598e-06,1.15735835493284e-08,6.68243594468914e-07,2.29947889532746e-07,7.73393689480934e-06,0.00173282205836919,3.24294685551091e-07,4.50105156742405e-07,6.43675815260498e-05,1.53794297844684e-05,1.27752451883763e-05,2.87934372322635e-05,4.23548513553091e-06,0.00207548598752698,5.04507658979151e-07,1.48389386418832e-05,5.88643989833646e-06,3.26172631168953e-05,1.3679339463246e-05,4.52047137434854e-05,8.1565026971941e-07,4.86442028326636e-06,7.37033376252479e-06,3.24294685551091e-07,1.41510408240476e-06,1.0809822851703e-06,4.76721483978953e-06,2.50099992341674e-05,2.28971702222437e-06,9.37940659894452e-05,3.85222777987962e-05,0
"5",0.686,9.80045176731543e-05,0.132,0.00403,0.00349016751795441,0.00138,0,0.0037,0.0540794452410085,0.0316,0.000208005656389547,1.89555522104104e-07,1.86470681579814e-06,1e-05,5.13708188953349e-05,2.3e-05,4.5e-06,2.5e-05,7.12894431653659e-07,0.00017,8.1e-05,1.8e-05,3.97666604785562e-06,1.68550469727799e-06,4.20141887945116e-08,0.0127053075574248,7.8e-05,4.14626195238653e-06,8.5e-06,7.41003152574269e-06,1.15735835665483e-08,7.03256655847865e-07,2.29947889874878e-07,7e-06,0.0017328220609474,3.12915870811662e-07,4.50105157412101e-07,5.1e-05,1.4e-05,1.3e-05,4.5e-05,2e-06,0.00222,5.04507659729791e-07,8.70646583691898e-06,5.6845421322866e-06,3.26172631654254e-05,9e-06,4.44228215684003e-05,7.52141822226229e-07,1.31162737175671e-05,1.40186247745169e-05,3.10739688219285e-07,0,0,4.76721484688251e-06,2.5e-05,2.33494720514563e-06,8.6e-05,3e-05,0.0658559056529505
"6",0.72071148850942,4.96357774455523e-05,0.158834487825767,0.0042686768603175,0.00349016751795441,0.00157841772276856,0,0.00380210055232931,0.054996441409672,0.0349435873216688,0.000178688798803988,1.89555522104104e-07,1.28060305809525e-06,1.4195832349428e-05,6.11512778129205e-05,1.96557678684387e-05,1.05996525563787e-07,2.40237162836473e-05,5.55920707390186e-07,0.000140965607945369,6.28388942460692e-05,4.43743850363238e-06,3.67304753097087e-06,1.4195832349428e-06,4.20141887945116e-08,0.0122104012516059,4.41758419265416e-05,3.64326606450354e-06,7.13762479667043e-06,6.63133986672579e-06,1.15735835665483e-08,5.36066396411965e-07,2.29947889874878e-07,7.18726057411598e-06,0.0017328220609474,2.87887509184204e-07,4.50105157412101e-07,6.4526510679218e-05,1.39972892396458e-05,1.12176857026948e-05,5.3110281866741e-05,3.51421304314511e-06,0.00234975770427245,3.77231908586198e-07,9.53999642503516e-06,4.97350490004434e-06,3.88151779624219e-05,1.08205994831304e-05,4.35802125971949e-05,6.84973728748622e-07,1.10191425929126e-05,1.21111296967148e-05,2.87887509184204e-07,3.37523286629756e-06,1.18133150320415e-06,4.76721484688251e-06,2.17404705211519e-05,2.02513971977854e-06,0.000101256985988927,3.55392166510155e-05,3.90880517953107e-08
"7",0.7158,5.6e-05,0.1598,0.00462,0.00349016751795441,0.00154,0.000134,0.00375,0.0538,0.0358,0.00023,1.6e-07,1.86470681579814e-06,1.237e-05,7.19e-05,2.28e-05,5e-08,2.663e-05,5.3e-07,0.000212,7.57e-05,4e-06,4.54e-06,1.89e-06,3.1e-08,0.0127053075574248,5.73e-05,4.21e-06,5.28396354304402e-06,8.56e-06,1.15735835665483e-08,6.71e-07,2.29947889874878e-07,8.23e-06,0.001584,3.3e-07,3.54e-07,6.07e-05,1.54e-05,1.82e-05,6.81e-05,4.31e-06,0.002435,3.86e-07,9.49e-06,6.04e-06,4.18e-05,1.34e-05,3.53e-05,8.2e-07,1.3e-05,1.55e-05,3.24e-07,3.76e-06,1.9e-06,4.36e-06,2.35e-05,2.37e-06,9.09e-05,3.98e-05,0.00326625873278852
"8",0.721062206264871,5.97565364307904e-05,0.155366994720055,0.00497971136923253,0.00438214600492463,0.00164330475184674,0.000139431918338511,0.00400368794086296,0.0540796654698653,0.0363518929953975,0.000248985568461627,1.89555522104104e-07,1.89229032030836e-06,1.15529303766195e-05,5.92585652938672e-05,2.5097745300932e-05,1.05996525563787e-07,2.95794855332412e-05,4.97971136923253e-07,0.000219107300246231,7.88786280886433e-05,6.97159591692555e-06,4.78052291446323e-06,1.79269609292371e-06,2.98782682153952e-08,0.0124791566912967,5.73662749735588e-05,4.28255177753998e-06,6.97159591692555e-06,8.66469778246461e-06,1.15735835665483e-08,7.2703785990795e-07,2.58944991200092e-07,8.76429200984926e-06,0.00167318302006213,3.68498641323207e-07,3.98376909538603e-07,7.6687555086181e-05,1.54371052446209e-05,1.49391341076976e-05,6.77240746215625e-05,4.70084753255551e-06,0.00246993683913934,4.18295755015533e-07,8.96348046461856e-06,6.17484209784834e-06,5.57727673354044e-05,1.29472495600046e-05,5.45776366067886e-05,8.76429200984926e-07,1.34452206969278e-05,1.61342648363134e-05,3.38620373107812e-07,4.18295755015533e-06,9.95942273846507e-07,5.47768250615579e-06,2.46993683913934e-05,2.48985568461627e-06,9.85982851108042e-05,4.68092868707858e-05,1.32516220219259e-12
"9",0.717180845187664,9.96721301369853e-05,0.160362490177396,0.0047344261815068,0.00349016751795441,0.00157481965616437,0,0.00361809832397257,0.0549791469835611,0.0360414422575339,0.000199344260273971,1.89555522104104e-07,1.29573769178081e-06,3.4187540636986e-05,5.13708188953349e-05,2.2584569353681e-05,1.05996525563787e-07,2.56157374452052e-05,7.12894431653659e-07,0.000220574423993149,7.51263902626567e-05,4.98360650684927e-06,3.97666604785562e-06,1.68550469727799e-06,4.20141887945116e-08,0.0127053075574248,5.15304912808214e-05,4.14626195238653e-06,5.28396354304402e-06,7.41003152574269e-06,1.15735835665483e-08,7.03256655847865e-07,2.29947889874878e-07,3.55829504589038e-05,0.0017328220609474,3.12915870811662e-07,4.50105157412101e-07,6.34911468972596e-05,1.41982025459647e-05,8.67147532191772e-06,6.47868845890405e-05,3.90348851511872e-06,0.00231767604207532,5.04507659729791e-07,8.27278680136978e-06,5.6845421322866e-06,3.26172631654254e-05,1.32563933082191e-05,4.44228215684003e-05,7.52141822226229e-07,8.97049171232868e-06,1.40186247745169e-05,3.10739688219285e-07,0,0,4.76721484688251e-06,3.45862291575339e-05,2.33494720514563e-06,9.00039335136977e-05,0,7.48740460743136e-08
"10",0.720623379449017,9.92594186568894e-05,0.16179285241073,0.0046651926768738,0.000694815930598226,0.00148889127985334,0,0.00397037674627557,0.055585274447858,0.0353363530418526,0.000297778255970668,1.89555522104104e-07,1.86470681579814e-06,1.09185360522578e-05,6.05482453807025e-05,3.57333907164802e-05,1.05996525563787e-07,2.2432628616457e-05,7.12894431653659e-07,0.000182637330328676,7.14667814329603e-05,7.94075349255115e-06,2.38222604776535e-06,1.09185360522578e-06,4.20141887945116e-08,0.0103229795403165,5.16148977015825e-05,2.68000430373601e-06,9.92594186568894e-07,7.04741872463915e-06,1.15735835665483e-08,3.97037674627557e-07,2.29947889874878e-07,5.85630570075647e-06,0.00174398798580155,1.98518837313779e-07,4.50105157412101e-07,0.000107200172149441,1.13155737268854e-05,2.48148546642223e-05,6.35260279404092e-05,2.48148546642223e-06,0.00238222604776534,5.04507659729791e-07,1.98518837313779e-06,3.97037674627558e-06,2.68000430373601e-05,2.08444779179468e-05,3.17630139702046e-05,3.97037674627557e-07,8.53631000449249e-06,1.40186247745169e-05,1.98518837313779e-07,3.37482023433424e-06,0,4.76721484688251e-06,1.09185360522578e-05,1.09185360522578e-06,0.000151866910545041,3.87111732761869e-05,7.30011051608415e-10
"11",0.69,6e-05,0.15,0.0028,0.00349016751795441,0.0015,0.00015,0.0034,0.056,0.047,0.00014,1.89555522104104e-07,1.86470681579814e-06,9.1e-06,4.4e-05,1.34e-05,1.05996525563787e-07,1.33e-05,7.12894431653659e-07,0.000194,7.51263902626567e-05,4.7e-06,3.97666604785562e-06,1.68550469727799e-06,4.20141887945116e-08,0.0127053075574248,5.42796112396865e-05,4.14626195238653e-06,5.28396354304402e-06,7.41003152574269e-06,1.15735835665483e-08,7.03256655847865e-07,2.29947889874878e-07,4.2e-06,0.0017328220609474,3.12915870811662e-07,4.50105157412101e-07,5.6e-05,8.8e-06,1.4087204495371e-05,3.6e-05,3.90348851511872e-06,0.0024017301071384,3.6e-06,6.3e-06,5.6845421322866e-06,8.6e-06,9.1e-06,4.44228215684003e-05,7.52141822226229e-07,1.31162737175671e-05,1.40186247745169e-05,3.10739688219285e-07,0,0,4.76721484688251e-06,1.5e-05,4.5e-06,7.2e-05,3.2e-05,0.0278057783090643
"12",0.7136,2e-04,0.1594,0.00508,0.00349016751795441,0.00164,0.00144,0.00443,0.05375,0.03527,0.00031,1.89555522104104e-07,1.86470681579814e-06,1.55e-05,5.85e-05,2.2584569353681e-05,1.05996525563787e-07,2.614e-05,4.1e-07,0.0001983,9.008e-05,5.94644763168052e-06,4.17e-06,1.83e-06,2e-08,0.0127053075574248,5.183e-05,3.72e-06,5.28396354304402e-06,8e-06,1.15735835665483e-08,6.9e-07,2.29947889874878e-07,7.67e-06,0.0017328220609474,3.1e-07,2.8e-07,6.35e-05,1.5e-05,1.27e-05,5.181e-05,4.23e-06,0.00271322,5.04507659729791e-07,8.7e-06,5.79e-06,4.645e-05,1.37102485859161e-05,5.101e-05,7.8e-07,1.318e-05,1.313e-05,3.1e-07,3.73e-06,0,4.76721484688251e-06,2.56e-05,2.31e-06,8.19e-05,2.755e-05,0.00328815413171557
"13",0.716542373744756,7.93655972137573e-05,0.160864144852634,0.00456352183979105,0.0034901675165623,0.00162401853298651,0.000396827986068787,0.00415677315407054,0.0541769407980411,0.0358534085413149,0.000267858890596431,1.89555522028497e-07,1.86470681505438e-06,1.35913585228559e-05,5.13708188748448e-05,2.25845693446728e-05,1.05996525521508e-07,2.70934307488464e-05,7.1289443136931e-07,0.000181251182636918,7.46056455208622e-05,5.9524197910318e-06,4.77284860244233e-06,1.86608360448847e-06,3.57145187461908e-08,0.0127053075523571,5.4464641087941e-05,4.28177396968221e-06,5.28396354093643e-06,7.81651925558993e-06,1.1573583561932e-08,7.18258654784504e-07,2.29947889783159e-07,8.55263516974753e-06,0.00173282206025624,3.40279998053985e-07,4.5010515723257e-07,6.54498318122902e-05,1.44584276724162e-05,1.40872044897521e-05,6.66680937295213e-05,4.04962959783197e-06,0.00260157451456801,5.0450765952856e-07,1.12004699067915e-05,6.39389092553333e-06,3.26172631524155e-05,1.48810494775795e-05,4.78524947700698e-05,8.89886758759254e-07,1.37887804459252e-05,1.40186247689253e-05,3.31351368367437e-07,3.67462715099697e-06,0,4.76721484498103e-06,2.55785399120288e-05,2.30061024923379e-06,9.60323726286464e-05,3.72026236939488e-05,0
"14",0.717180845187664,9.96721301369853e-05,0.160362490177396,0.0047344261815068,0.00349016751795441,0.00157481965616437,0,0.00361809832397257,0.0549791469835611,0.0360414422575339,0.000199344260273971,1.89555522104104e-07,1.29573769178081e-06,3.4187540636986e-05,5.13708188953349e-05,2.2584569353681e-05,1.05996525563787e-07,2.56157374452052e-05,7.12894431653659e-07,0.000220574423993149,7.51263902626567e-05,4.98360650684927e-06,3.97666604785562e-06,1.68550469727799e-06,4.20141887945116e-08,0.0127053075574248,5.15304912808214e-05,4.14626195238653e-06,5.28396354304402e-06,7.41003152574269e-06,1.15735835665483e-08,7.03256655847865e-07,2.29947889874878e-07,3.55829504589038e-05,0.0017328220609474,3.12915870811662e-07,4.50105157412101e-07,6.34911468972596e-05,1.41982025459647e-05,8.67147532191772e-06,6.47868845890405e-05,3.90348851511872e-06,0.00231767604207532,5.04507659729791e-07,8.27278680136978e-06,5.6845421322866e-06,3.26172631654254e-05,1.32563933082191e-05,4.44228215684003e-05,7.52141822226229e-07,8.97049171232868e-06,1.40186247745169e-05,3.10739688219285e-07,0,0,4.76721484688251e-06,3.45862291575339e-05,2.33494720514563e-06,9.00039335136977e-05,0,7.48740460743136e-08
"15",0.714918745274597,5.8e-05,0.131,0.00446,0.00349016751795441,0.00157,0.000128,0.00371,0.0541,0.0368,0.00016,2e-07,2.7e-06,1.28e-05,3.9e-05,2.2584569353681e-05,1.05996525563787e-07,2.29445888690474e-05,6e-07,0.000213,7.59e-05,5.9e-06,3.97666604785562e-06,1.68550469727799e-06,4.20141887945116e-08,0.0127053075574248,5.42796112396865e-05,4.14626195238653e-06,5.28396354304402e-06,7.41003152574269e-06,1.15735835665483e-08,7.03256655847865e-07,2.29947889874878e-07,6.2e-06,0.00181,3.7e-07,7e-07,6.26749457996001e-05,1.41982025459647e-05,1.57e-05,6.65e-05,3.90348851511872e-06,0.0024017301071384,4e-07,6.6e-06,5.6845421322866e-06,1.59e-05,1.42e-05,4.44228215684003e-05,7.52141822226229e-07,1.22e-05,1.49e-05,3.10739688219285e-07,3e-06,1.5e-06,1.7e-05,1.76e-05,2.33494720514563e-06,0.000105,5.33e-05,0.031724193727536
"16",0.718484253033394,6.36002658286821e-05,0.159497541648492,0.00447189369107921,0.00349016751747541,0.00159000664571705,0.000109312956893047,0.00467064452179384,0.0537620997083079,0.0363714020207776,0.0001888132891789,1.89555522078089e-07,1.59000664571705e-06,1.17262990121633e-05,6.10165050293919e-05,2.20613422093241e-05,4.96877076786579e-08,2.18625913786095e-05,5.96252492143895e-07,0.000173906976875303,7.53265648408454e-05,5.46564784465237e-06,3.67689036822069e-06,1.59000664571705e-06,3.27938870679142e-08,0.0127053075556811,5.29670963854493e-05,3.08063787607679e-06,5.28396354231883e-06,8.54628572072916e-06,9.93754153573159e-09,5.76377409072432e-07,2.08688372250363e-07,6.45940199822553e-06,0.00171919468568156,3.08063787607679e-07,2.98126246071948e-07,5.96252492143895e-05,1.24219269196645e-05,1.40119335653815e-05,5.76377409072432e-05,3.47813953750605e-06,0.00199744584868205,3.18001329143411e-07,7.75128239787064e-06,5.06814618322311e-06,1.98750830714632e-05,9.93754153573159e-06,4.17376744500727e-05,6.75752824429748e-07,1.10306711046621e-05,1.50056877189547e-05,2.78251163000484e-07,3.47813953750605e-06,5.56502326000969e-06,4.17376744500727e-06,1.70925714414583e-05,2.08688372250363e-06,8.54628572072916e-05,4.47189369107921e-05,0
"17",0.719922079125078,9.80045176638998e-05,0.160900345811368,0.00467675711387404,0.00349016751762483,0.00159208752812733,0,0.00407972429082629,0.0515438337231224,0.035722463912357,0.000298516411523875,1.89555522086205e-07,1.86470681562206e-06,1.79109846914325e-05,5.13708188904839e-05,2.25845693515484e-05,1.05996525553778e-07,2.58714223320691e-05,7.1289443158634e-07,0.000193193979311397,7.51263902555625e-05,5.946447631119e-06,3.73145514404843e-06,1.55228533992415e-06,4.20141887905442e-08,0.012705307556225,5.42796112345609e-05,3.5722463912357e-06,5.28396354254506e-06,7.41003152504297e-06,1.15735835654554e-08,5.97032823047749e-07,2.29947889853164e-07,7.73157505846835e-06,0.00173282206078377,3.0846695857467e-07,4.50105157369598e-07,5.27378993692178e-05,1.45277986941619e-05,1.40872044940408e-05,5.96401611307895e-05,4.05982319672469e-06,0.002275690110517,5.04507659682151e-07,8.70646583609683e-06,5.37329540742974e-06,5.07477899590587e-05,1.37102485846214e-05,5.27378993692178e-05,7.16439387657299e-07,1.89060393965121e-05,1.40186247731931e-05,2.98516411523875e-07,0,0,4.76721484643234e-06,3.28368052676262e-05,2.1393676159211e-06,9.37940661201414e-05,3.78120787930241e-05,0
"18",0.7158,9.80045176731543e-05,0.1592,0.005,0.0045,0.0016,0,0.0038,0.0537,0.035,1e-04,1.89555522104104e-07,9e-06,4.7e-05,5.13708188953349e-05,2.8e-05,1.05996525563787e-07,2e-06,1.1e-05,0.000209,8.5e-05,8e-06,3e-06,2e-06,3e-06,0.014268,5.7e-05,1.8e-05,5.28396354304402e-06,4e-06,1.15735835665483e-08,6e-06,2.29947889874878e-07,2.3e-05,0.001796,3.12915870811662e-07,4.50105157412101e-07,5.7e-05,1.6e-05,1.5e-05,6.8e-05,4e-06,0.002365,5.04507659729791e-07,9e-06,6e-06,5.1e-05,1e-05,6.4e-05,1e-06,2.4e-05,1.40186247745169e-05,3.10739688219285e-07,1e-06,7e-06,1e-06,1.9e-05,4e-06,9.6e-05,3.5e-05,0.00162620673321667
"19",0.723755672073985,9.80045175955198e-05,0.159174805408289,0.00488703255883746,0.00349016751518966,0.00147402399041858,0,0.00431325140820472,0.0525306536182731,0.0322504577769435,0.000208005656224775,1.89555521953947e-07,1.86470681432101e-06,1.38277348394447e-05,5.13708188546413e-05,2.25845693357906e-05,1.05996525479821e-07,2.35942766251565e-05,7.12894431088938e-07,0.000205769791951051,7.51263902031451e-05,5.94644762697003e-06,4.07582472518428e-06,1.65704039191351e-06,4.20141887612299e-08,0.0127053075473603,5.42796111966888e-05,3.94721860521487e-06,5.28396353885832e-06,7.41003151987282e-06,1.15735835573803e-08,6.28191432158256e-07,2.29947889692724e-07,6.80623157991937e-06,0.00173282205957474,3.21515299923517e-07,2.33469571636769e-06,7.01397992756226e-05,1.22175813970936e-05,1.40872044842118e-05,6.73698213070508e-05,3.79882692832709e-06,0.00240691299911974,5.04507659330144e-07,8.70646583002213e-06,5.20360146953138e-06,3.26172631395876e-05,1.33552509198999e-05,4.44228215332107e-05,7.81529498275626e-07,1.89545635277987e-05,1.4018624763412e-05,3.11622521464332e-07,4.97606756497012e-06,0,4.76721484310615e-06,3.07665410080658e-05,2.31985654867891e-06,9.37940660546991e-05,4.16485973131694e-05,0
"20",0.719485213295155,0.000138977827470854,0.159874493615752,0.00469925028138859,0.00349016751795441,0.00157974796693489,0.000179971287372329,0.00359942574744658,0.0530915297748371,0.0355943212803051,9.99840485401828e-05,2.0796682096358e-07,1.50975913295676e-06,1.17981177277416e-05,5.93005391891824e-05,2.31962992613224e-05,2.09966501934384e-08,2.21964587759206e-05,3.89937789306713e-07,0.000200268049225986,7.80275514807587e-05,4.99920242700914e-06,2.85354474533682e-06,1.12981974850407e-06,1.99968097080366e-08,0.0127053075574248,5.74908279106051e-05,2.82954857368717e-06,6.09902696095115e-06,9.298516514237e-06,1.15735835665483e-08,4.29931408722786e-07,2.29947889874878e-07,6.54895517938197e-06,0.00188269963401164,2.03967459021973e-07,5.07918966584129e-07,6.00904131726499e-05,1.15881512258072e-05,1.60974318149694e-05,7.08886904149896e-05,3.10250502620187e-06,0.00251259913981479,4.22932525324973e-07,1.02983569996388e-05,4.28331663946143e-06,4.76923911536672e-05,1.35978306014649e-05,4.45928856489215e-05,5.07419046341428e-07,1.60974318149694e-05,1.49976072810274e-05,3.10739688219285e-07,3.39945765036622e-06,3.09950550474567e-06,5.7990748153306e-06,2.48960280865055e-05,1.51475833538377e-06,9.68845430354371e-05,4.2093284435417e-05,4.59939577549529e-05
"21",0.717390225964245,0.0001199983650902,0.15889783510694,0.00479993460360799,0.00469993596603283,0.00157997847368763,0,0.00409994414058183,0.05399926429059,0.0356995136143345,0.000279996185210466,1.89555522104104e-07,1.86470681579814e-06,1.05998555829677e-05,5.99991825450999e-05,2.2584569353681e-05,1.05996525563787e-07,2.96995953598245e-05,7.12894431653659e-07,0.000195997329647326,7.34989986177474e-05,6.99990463026166e-06,4.21994250567203e-06,1.76997588508045e-06,1.99997275150333e-08,0.0129418236749781,6.29991416723549e-05,4.17994305064196e-06,5.28396354304402e-06,7.41003152574269e-06,1.15735835665483e-08,7.19990190541199e-07,2.29947889874878e-07,9.24987397570291e-06,0.0017328220609474,3.69994959028116e-07,4.50105157412101e-07,6.20991539341784e-05,1.51997929114253e-05,1.4999795636275e-05,5.96401611364213e-05,4.55993787342759e-06,0.0024889660892459,5.04507659729791e-07,1.08998514956932e-05,6.34991348602308e-06,3.26172631654254e-05,1.29998228847717e-05,4.92993283245571e-05,7.89989236843816e-07,1.50997942738502e-05,1.40186247745169e-05,3.39995367755566e-07,4.17994305064196e-06,5.99991825450999e-06,4.76721484688251e-06,2.67996348701446e-05,2.67996348701446e-06,9.69986784479116e-05,2.6999632145295e-05,4.75553457324196e-06
"22",0.716,9.80045176731543e-05,0.161,0.004867,0.00349016751795441,0.0016,0.000126,0.0039,0.05343,0.0356,0.000193,1.89555522104104e-07,2.08e-06,1.38277348503984e-05,3.1e-05,1.987e-05,1.05996525563787e-07,2.7e-05,9.7e-07,0.000196,7.633e-05,3.82e-06,4.82e-06,2.09e-06,1.25e-07,0.0127053075574248,5.333e-05,6.8e-06,5.28396354304402e-06,7.88e-06,1.15735835665483e-08,1.05e-06,2.25e-07,8.38e-06,0.00176,3.44e-07,4.50105157412101e-07,5.867e-05,1.48e-05,1.433e-05,6.833e-05,4.17e-06,0.00246,3.43e-07,9.7e-06,6.58e-06,4.87e-05,1.22e-05,5.3e-05,8.8e-07,1.32e-05,1.73e-05,3.10739688219285e-07,3.91e-06,0,5.09e-06,2.31862186829184e-05,2.52e-06,9.207e-05,4.033e-05,0.00181891751939445
"23",0.71,9.80045176731543e-05,0.1629,0.0038,0.0026,0.0016,0,0.004,0.053,0.0337,0.000208005656389547,1.89555522104104e-07,2e-06,1.4e-05,5.16e-05,2.71e-05,1.05996525563787e-07,2.68e-05,7.12894431653659e-07,0.000196,7.75e-05,5.94644763168052e-06,4.22e-06,1.87e-06,4.20141887945116e-08,0.013634,4.8e-05,3.95e-06,8.5e-06,8e-06,1.2e-08,6.8e-07,2.29947889874878e-07,8.3e-06,0.00191,3.5e-07,4.50105157412101e-07,6.7e-05,1.63e-05,1.6e-05,7.5e-05,4.3e-06,0.00221,4e-07,1e-05,5.9e-06,5.1e-05,1.6e-05,4.7e-05,8.5e-07,1.46e-05,1.77e-05,3.4e-07,4.25e-06,0,5e-06,2.33e-05,2.6e-06,9.3e-05,4.3e-05,0.00933989086459031
"24",0.7174,1e-04,0.1595,0.0043,0.00349016751795441,0.0016,1e-04,0.0041,0.0537,0.0353,4e-04,1.94e-07,1.86470681579814e-06,1.07e-05,5.13708188953349e-05,2.23e-05,1.05996525563787e-07,2.36e-05,5e-07,0.000198,7.52e-05,4.8e-06,3.9e-06,1.55e-06,2e-08,0.0127053075574248,5.55e-05,3.66e-06,5.28396354304402e-06,7.3e-06,1.15735835665483e-08,5.74e-07,2.29947889874878e-07,6.73e-06,0.001348,2.88e-07,3.2e-07,6.37e-05,1.37e-05,1.32e-05,6.53e-05,3.96e-06,0.002325,8e-07,9.4e-06,5.48e-06,1.63e-05,1.14e-05,3.93e-05,7.22e-07,1.23e-05,1.48e-05,2.8e-07,3.32e-06,1.83e-06,5.64e-06,2.17e-05,2.14e-06,8.43e-05,3.72e-05,0.00273074991736766
"25",0.7167,2e-04,0.1608,0.003,0.00349016751795441,0.0018,0.00015,0.0039,0.0538,0.0354,0.00022,1.89555522104104e-07,1.86470681579814e-06,1.155e-05,5.13708188953349e-05,2.218e-05,5.7e-08,2.951e-05,4.59e-07,0.0001741,7.285e-05,4.27e-06,4.5e-06,1.94e-06,1.8e-08,0.0127053075574248,5.42796112396865e-05,4.41e-06,5.28396354304402e-06,7.95e-06,1.15735835665483e-08,6.91e-07,2.29947889874878e-07,8.57e-06,0.001848,3.43e-07,2.73e-07,5.37e-05,1.628e-05,1.527e-05,6.67e-05,4.67e-06,0.004172,4e-07,1.05e-05,6.65e-06,1.52e-05,1.55e-05,1.68e-05,8.4e-07,1.45e-05,1.40186247745169e-05,3.5e-07,4.07e-06,1.66e-06,4.76721484688251e-06,2.29e-05,2.53e-06,9.94e-05,4.62e-05,0.000879717907509958
"26",0.71820897506627,9.99316787346974e-05,0.159890685975516,0.00479672057926548,0.00349016751795441,0.00159890685975516,0.000299795036204092,0.0039972671493879,0.0540630381954713,0.0354757459508176,0.000199863357469395,1.89555522104104e-07,1.86470681579814e-06,1.29911182355107e-05,5.13708188953349e-05,2.2584569353681e-05,1.05996525563787e-07,2.29445888690474e-05,7.12894431653659e-07,0.000191868823170619,7.51263902626567e-05,6.99521751142882e-06,3.97666604785562e-06,1.68550469727799e-06,4.20141887945116e-08,0.0127053075574248,5.09651561546957e-05,4.14626195238653e-06,5.28396354304402e-06,5.99590072408185e-06,1.15735835665483e-08,7.03256655847865e-07,2.29947889874878e-07,8.66769511514358e-06,0.0017328220609474,3.12915870811662e-07,4.50105157412101e-07,5.59617400914306e-05,1.41982025459647e-05,1.49897518102046e-05,6.49555911775533e-05,3.90348851511872e-06,0.00243833296112662,5.04507659729791e-07,1.09924846608167e-05,5.6845421322866e-06,3.26172631654254e-05,1.19918014481637e-05,6.39562743902064e-05,7.52141822226229e-07,3.19781371951032e-05,1.40186247745169e-05,3.10739688219285e-07,0,6.99521751142882e-06,4.76721484688251e-06,2.29842861089804e-05,2.33494720514563e-06,8.89391940738807e-05,3.8973354706532e-05,4.14049069509259e-05
"27",0.715,9.80045176731543e-05,0.162,0.0049,0.00349016751795441,0.0016,0,0.0038,0.0534,0.0359,3e-04,1.89555522104104e-07,1.86470681579814e-06,8.4e-06,1.8e-05,2.2584569353681e-05,1.05996525563787e-07,2.6e-05,7.12894431653659e-07,0.000193193979329641,7.51263902626567e-05,6.2e-06,4e-06,1.8e-06,4.20141887945116e-08,0.0127053075574248,5.42796112396865e-05,3.9e-06,5.28396354304402e-06,7.41003152574269e-06,1.15735835665483e-08,6e-07,2.29947889874878e-07,7.8e-06,0.0015,3.12915870811662e-07,4.50105157412101e-07,6.26749457996001e-05,1.5e-05,1.4087204495371e-05,5.3e-05,4.2e-06,0.0024017301071384,5.04507659729791e-07,8.70646583691898e-06,5.9e-06,3.26172631654254e-05,1.7e-05,4.44228215684003e-05,8e-07,1.3e-05,1.40186247745169e-05,3.10739688219285e-07,3.7e-06,0,4.76721484688251e-06,2.2e-05,2.4e-06,0.00013,0,0.0020171822567342
"28",0.714560413493236,9.80045175996262e-05,0.159992346742812,0.00432411747953547,0.0042258420822733,0.00157240635619471,0,0.00383274049322462,0.0555255994531259,0.0374429263568867,0.000294826191786509,1.8955552196189e-07,1.86470681439914e-06,1.38277348400241e-05,5.13488950694837e-05,2.25845693367369e-05,1.05996525484263e-07,2.8853656636173e-05,7.12894431118808e-07,0.000193140638239342,6.26112555957283e-05,4.91376986310849e-06,4.07842898638004e-06,1.82792238907636e-06,4.91376986310848e-08,0.0127053075478926,5.4279611198963e-05,3.93101589048679e-06,5.28396353907971e-06,7.33134463575786e-06,1.15735835578652e-08,6.28962542477886e-07,2.29947889702358e-07,8.03892749604548e-06,0.00206771435839605,3.43963890417594e-07,4.50105157074409e-07,6.20314307518815e-05,1.59697520551026e-05,1.40872044848021e-05,5.96401610916761e-05,4.43222041652385e-06,0.00240173010533649,5.04507659351283e-07,8.70646583038693e-06,6.13238478915939e-06,3.26172631409542e-05,4.57275423460876e-05,4.42042736885239e-05,7.4689301919249e-07,1.28839045810704e-05,1.29330422797015e-05,3.63618969870028e-07,3.54774184116433e-06,0,4.76721484330589e-06,2.53059147950087e-05,2.37826461374451e-06,9.23788734264395e-05,4.00275693048817e-05,0
