"SiO2","TiO2","Al2O3","Fe2O3T","Fe(II)O","MnO","MgO","CaO","Na2O","K2O","P2O5","Ag","As","Ba","Be","Bi","Cd","Ce","Cl","Co","Cr","Cs","Cu","Dy","Er","Eu","F","Ga","Gd","Ge","Hf","Ho","In","La","Li","Lu","Mo","Nb","Nd","Ni","Pb","Pr","Rb","S","Sb","Sc","Sm","Sn","Sr","Ta","Tb","Th","Tl","Tm","U","V","W","Y","Yb","Zn","Zr","Rest"
0.490216861472551,0.0194485102567873,0.136616250970472,0.0921897520505556,0.0603495816288893,0.00123936584969723,0.0598709041238355,0.0510046715067707,0.0409944088746007,0.0359416096412197,0.00772220260195967,3.74465982345069e-07,2.46896762642435e-06,0.00069785830921413,2.70893614025866e-06,1.93716261357243e-07,3.0733038225764e-07,9.62891929380156e-05,0.00025645339505273,2.76473920317075e-05,0.00021355226948629,1.3055009082289e-06,3.81343338368379e-05,4.36050232410963e-06,1.80833536945253e-06,2.4434434793851e-06,0.0004509384976206,2.00205252643399e-05,6.96655453026459e-06,1.29870112135591e-06,5.72015007552568e-06,7.61848559873227e-07,6.98955182549832e-08,5.3388067371573e-05,1.12373865900936e-05,1.73560265803822e-07,4.76679172960473e-06,4.57612006042055e-05,4.00410505286798e-05,0.00014395711023406,9.53358345920947e-06,1.11100457822163e-05,5.81548591011778e-05,3.81343338368379e-05,3.61583697084885e-07,9.53358345920947e-06,8.58022511328852e-06,2.86007503776284e-06,0.00081798146080017,1.90671669184189e-06,8.79291438822906e-07,7.62686676736758e-06,1.42465268817881e-07,2.1377760444389e-07,2.86007503776284e-06,9.15224012084109e-05,1.56348040608601e-06,1.8113808572498e-05,9.53358345920947e-07,0.00010296270135946,0.0002688470535497,0.00082103184507587
0.4861465060215,0.0195511355863248,0.136575961571779,0.0934318691000331,0.0603495816288893,0.00131594181831033,0.0602513361097799,0.0523556851999179,0.0412641755884452,0.0370343626010192,0.008083642598192,3.74465982345069e-07,1.69192519497042e-06,0.00070026903902942,2.58488571453814e-06,1.93716261357243e-07,3.38385038994084e-07,9.24919106583829e-05,0.00017252745594787,3.32745288344182e-05,0.00022371010911275,1.05275345464826e-06,2.98906784444774e-05,4.19221464976004e-06,1.66372644172091e-06,2.50028945478962e-06,0.00042858824197612,2.19010316904504e-05,6.38231781880508e-06,1.2031468053123e-06,6.20372571489153e-06,6.92749371496221e-07,6.57970909155163e-08,5.18857059790928e-05,1.12373865900936e-05,1.80472020796845e-07,4.93478181866372e-06,4.49300135108811e-05,4.26741132509205e-05,0.00015509314287228,7.98964675402698e-06,1.10915096114727e-05,5.83714192264794e-05,0.00011549648945477,2.72587948078567e-07,8.91706805857335e-06,8.01784550727648e-06,2.26529984437706e-06,0.00086006197410996,3.14886077952828e-06,8.57242098785012e-07,6.26012322139055e-06,1.42465268817881e-07,2.08670774046352e-07,1.56973059755589e-06,9.86956363732744e-05,1.10915096114727e-06,1.93631438979948e-05,1.26894389622781e-06,0.00011749480520627,0.00027446786496186,2.98652624852735e-09
0.472,0.0192,0.136,0.0911,0.0603495816288893,0.00117,0.0511,0.0587,0.0422,0.0371,0.00772,3.74465982345069e-07,1.32e-06,0.000723,2.73e-06,2.4e-08,1.8e-07,9.51e-05,0.00017252745594787,4e-05,0.00023,1.1e-06,3.6e-05,3.91e-06,1.62e-06,2.4e-06,0.00042858824197612,2.44e-05,7.23e-06,1.15e-06,5.04e-06,6.76e-07,6.98955182549832e-08,5.12e-05,1.14e-05,1.54e-07,6.01e-06,5.69e-05,4.12e-05,0.000162,3.12e-06,1.07e-05,6.37e-05,0.000554,3.61583697084885e-07,9.53e-06,7.72e-06,1.96e-06,0.000859,3.42e-06,8.66e-07,5.43e-06,8.6e-08,2.1377760444389e-07,1.26e-06,0.000105,1.99e-06,2.22e-05,1.08e-06,9.28e-05,0.000296,0.0192136769503846
0.462,0.0186,0.0745,0.0884,0.0603495816288893,0.00126,0.05845025264677,0.0497,0.040913685517164,0.041,0.00792138643759419,3.74465982345069e-07,2.46896762642435e-06,0.000822,2.70893614025866e-06,1.93716261357243e-07,3e-06,0.000107,0.00017252745594787,3.33136442220146e-05,0.000288,1.3055009082289e-06,9.6e-05,4.36050232410963e-06,1.80833536945253e-06,2.4434434793851e-06,0.00042858824197612,2.1e-05,6.96655453026459e-06,1.29870112135591e-06,6.06778874094708e-06,7.61848559873227e-07,6.98955182549832e-08,5.4e-05,1.12373865900936e-05,1.73560265803822e-07,2e-06,4.4e-05,4.4e-05,0.000144,1.8e-05,9e-06,5.9e-05,0.00011549648945477,3.61583697084885e-07,8.91706805857335e-06,8.10604259851588e-06,2.6041659874586e-06,0.000871,2.80762014851912e-06,8.79291438822906e-07,4e-06,1.42465268817881e-07,2.1377760444389e-07,3e-06,0.00034,1.56348040608601e-06,1.7e-05,1.39062854687997e-06,0.00011,0.000267,0.0927619422108084
0.488495416911178,0.0199770502286207,0.137012410530257,0.0925352043608751,0.0571984409847772,0.00118731524943689,0.0601196134238679,0.0517330215826074,0.041744496468297,0.0384463985531945,0.00800966636524886,3.74465982345069e-07,2.46896762642435e-06,0.00064925413243017,2.70893614025866e-06,3.48656065310833e-06,9.42313690029278e-08,8.66928594826936e-05,0.00017252745594787,3.29809791510247e-05,0.00020071281597623,1.3055009082289e-06,3.20386654609955e-05,4.36050232410963e-06,1.80833536945253e-06,2.4434434793851e-06,0.00042858824197612,1.88462738005856e-05,6.96655453026459e-06,1.29870112135591e-06,6.06778874094708e-06,7.61848559873227e-07,6.98955182549832e-08,5.55965077117274e-05,1.12373865900936e-05,1.73560265803822e-07,4.58430913421752e-06,3.67502339111418e-05,2.73270970108491e-05,0.00016584720944515,9.42313690029278e-06,1.11100457822163e-05,5.55965077117274e-05,0.00011549648945477,3.61583697084885e-07,8.91706805857335e-06,8.10604259851588e-06,2.6041659874586e-06,0.00085373620316652,1.88462738005856e-06,8.79291438822906e-07,6.59619583020495e-06,1.88462738005856e-06,2.1377760444389e-07,1.66799651051218e-06,0.00010082756483313,1.88462738005856e-06,1.95093726202646e-05,1.6961646420527e-05,0.00011025070173342,0.00025159775523781,4.08245329541757e-06
0.487855602083574,0.01963125657446,0.136946890815103,0.0931540876874614,0.0603495816288893,0.00130245836888244,0.0599319611768369,0.0516736200697924,0.0400175614787068,0.0372333207626175,0.00798463608749669,3.74465982345069e-07,2.46896762642435e-06,0.00074655403607681,2.70893614025866e-06,1.93716261357243e-07,3.0733038225764e-07,9.24934203988978e-05,0.00017252745594787,3.49209852526451e-05,0.0002246268781116,8.49429371010286e-06,3.49209852526451e-05,4.36050232410963e-06,1.80833536945253e-06,2.4434434793851e-06,0.00042858824197612,2.07638290691403e-05,6.96655453026459e-06,1.29870112135591e-06,6.06778874094708e-06,7.61848559873227e-07,6.98955182549832e-08,5.28533830850845e-05,1.12373865900936e-05,1.73560265803822e-07,4.58430913421752e-06,4.71905206116826e-05,4.62467101994489e-05,0.00016233539090418,5.66286247340191e-06,1.11100457822163e-05,5.946005597072e-05,0.00011549648945477,3.61583697084885e-07,1.03819145345702e-05,8.10604259851588e-06,2.6041659874586e-06,0.00085981128554485,2.80762014851912e-06,8.79291438822906e-07,1.32133457712711e-05,1.42465268817881e-07,2.1377760444389e-07,1.66799651051218e-06,9.24934203988978e-05,1.56348040608601e-06,2.07638290691403e-05,1.39062854687997e-06,0.00010570676617016,0.00027370501954775,0.00021313628643837
0.487006929005035,0.0199881812501008,0.138033712992961,0.0924066832195238,0.0603495816288893,0.00123227652807701,0.0598052380394484,0.0509497147007961,0.0411196152486837,0.0375399222165513,0.00798496448345565,3.74465982345069e-07,2.46896762642435e-06,0.00072343534576079,2.70893614025866e-06,1.93716261357243e-07,3.0733038225764e-07,0.00010870272034747,0.00017252745594787,3.33604900376741e-05,0.00018985492364137,1.3055009082289e-06,2.46455305615402e-05,4.36050232410963e-06,1.80833536945253e-06,2.4434434793851e-06,0.00042858824197612,1.99600684775972e-05,6.96655453026459e-06,1.29870112135591e-06,5.6225545007316e-06,7.61848559873227e-07,6.98955182549832e-08,5.07904089899421e-05,1.12373865900936e-05,1.73560265803822e-07,3.93578815051212e-06,4.61986561476779e-05,5.03218627815478e-05,0.00014084499024332,1.3400421560077e-05,1.11100457822163e-05,6.09110070912589e-05,0.00011057690518105,3.61583697084885e-07,7.30932085095107e-06,8.10604259851588e-06,2.6041659874586e-06,0.00082651551160754,2.80762014851912e-06,8.79291438822906e-07,7.40303009262993e-06,1.42465268817881e-07,2.1377760444389e-07,2.11782886194223e-06,9.5677135754116e-05,1.56348040608601e-06,1.92291363925021e-05,1.39062854687997e-06,0.0001032675843301,0.00027231905631876,6.46433473416863e-09
0.492849544796373,0.0187265802858726,0.136382468546607,0.0922142211046755,0.0566526342991801,0.00122006507923109,0.057598421182305,0.0554231113511178,0.0414254654808696,0.0364127950003078,0.00719743818058031,3.74465982345069e-07,3.87772622081199e-07,0.00071334668705975,3.97230490912448e-06,5.67472129874926e-08,3.0733038225764e-07,9.83213242480012e-05,0.00017252745594787,3.87772622081199e-05,0.00020838037459395,1.3055009082289e-06,3.12109671431209e-05,4.36050232410963e-06,1.80833536945253e-06,2.4434434793851e-06,0.00068096655584991,2.10178217944236e-05,6.96655453026459e-06,1.29870112135591e-06,6.06778874094708e-06,7.61848559873227e-07,6.98955182549832e-08,5.22601410378185e-05,1.32410163637483e-05,1.73560265803822e-07,5.20182785718682e-06,4.69110294029939e-05,4.34255886101516e-05,0.00014565118000123,7.09340162343658e-06,1.11100457822163e-05,5.54231113511178e-05,0.00011549648945477,1.22952294806234e-07,8.91706805857335e-06,8.10604259851588e-06,2.6041659874586e-06,0.00084269611286426,2.80762014851912e-06,8.79291438822906e-07,7.56629506499901e-06,1.42465268817881e-07,2.1377760444389e-07,1.66799651051218e-06,0.00010309077026061,1.56348040608601e-06,2.60091392859341e-05,1.39062854687997e-06,0.00011160285220873,0.00028373606493746,3.42093713812108e-06
0.482642465648601,0.020243490073049,0.136431707515572,0.0944382350849681,0.0603495816288893,0.00126168728827375,0.0603538471480205,0.0522564511188009,0.041993472430604,0.038227241719339,0.00788083776332187,3.74465982345069e-07,2.46896762642435e-06,0.00073441498869666,2.70893614025866e-06,1.93716261357243e-07,3.0733038225764e-07,9.41557677816232e-05,0.00025422057301038,3.95454224682818e-05,0.00022691540035371,1.3055009082289e-06,2.25973842675896e-05,4.36050232410963e-06,1.80833536945253e-06,2.4434434793851e-06,0.00042858824197612,2.25973842675896e-05,6.96655453026459e-06,1.29870112135591e-06,6.06778874094708e-06,7.61848559873227e-07,6.98955182549832e-08,5.46103453133415e-05,1.12373865900936e-05,1.73560265803822e-07,1.2240249811611e-05,5.08441146020765e-05,4.61363262129954e-05,0.00016100636290657,1.6006480522876e-05,1.12986921337948e-05,5.93181337024226e-05,0.00011549648945477,1.12986921337948e-06,5.64934606689739e-06,6.59090374471363e-06,2.6041659874586e-06,0.00091331094748174,2.80762014851912e-06,8.79291438822906e-07,4.70778838908116e-06,1.42465268817881e-07,2.1377760444389e-07,6.59090374471363e-07,0.00010168822920415,1.56348040608601e-06,1.88311535563246e-05,1.39062854687997e-06,0.00011016224830449,0.00028905820708958,6.70540764522443e-05
0.490918682607385,0.0198783988320823,0.137195094229438,0.0927911518001401,0.0555760578034363,0.00122343198918827,0.059568808713888,0.0510616886030207,0.0420139822643725,0.0383247183589908,0.00779582244273458,3.74465982345069e-07,2.46896762642435e-06,0.00074667287216118,2.70893614025866e-06,1.93716261357243e-07,3.0733038225764e-07,9.89652155595321e-05,0.00017252745594787,3.26722728895628e-05,0.00020095581720085,1.08401764623426e-06,3.18851034701626e-05,4.58360217344723e-06,1.79057332991276e-06,2.4914386322462e-06,0.00042858824197612,2.22304231213745e-05,7.09306034661946e-06,1.29870112135591e-06,5.77953065280104e-06,7.50181940657306e-07,6.98955182549832e-08,5.36631412746047e-05,1.12373865900936e-05,1.73556631024383e-07,4.58430913421752e-06,5.41487204827167e-05,4.57146269324443e-05,0.00015261602767455,7.47716108741112e-06,1.18919486142882e-05,6.13811951722901e-05,0.00011549648945477,3.61583697084885e-07,9.88134720569971e-06,8.51850087355742e-06,2.6041659874586e-06,0.00084644422507793,3.05383798851647e-06,9.66416431769652e-07,6.63877823590536e-06,1.42465268817881e-07,2.19079681784877e-07,1.46432479946255e-06,9.85574048964693e-05,1.56348040608601e-06,2.14508408771011e-05,1.25472908658611e-06,0.00010261654358928,0.00025370565226957,8.84259582101254e-06
0.489130529713946,0.0199236013200012,0.137488848221019,0.0928607341636523,0.0585379311338722,0.00111052666781301,0.0590179045241982,0.0512065728777168,0.0411271316808716,0.0379931877793315,0.00791485531890459,3.74465982345069e-07,2.46896762642435e-06,0.00070960771824661,3.38804746112444e-06,1.93716261357243e-07,3.0733038225764e-07,0.00011942867300463,0.00017252745594787,3.38804746112444e-05,0.00023810444657346,1.5810888151914e-06,2.82337288427036e-05,5.06324870579152e-06,2.20223084973088e-06,2.75749418363739e-06,0.00042858824197612,2.10178217944236e-05,7.83956537532405e-06,1.29870112135591e-06,5.17618362116234e-06,9.22301808861652e-07,6.98955182549832e-08,6.25377093865886e-05,1.46909502411535e-05,2.07047344846493e-07,4.61150904430826e-06,5.08207119168666e-05,5.04442621989638e-05,0.00014305089280303,7.05843221067591e-06,1.30816276971194e-05,5.74085819801641e-05,0.00011549648945477,3.38804746112444e-07,1.08323406326506e-05,7.39723695678836e-06,2.33398825099683e-06,0.00089689145290321,2.70102672595198e-06,1.11993791076058e-06,4.70562147378394e-06,1.42465268817881e-07,2.77631666953253e-07,1.7881361600379e-06,6.58787006329752e-05,1.56348040608601e-06,2.35281073689197e-05,1.63755627287681e-06,0.00011199379107605,0.00024751568952103,3.09061771130992e-06
0.486930019775217,0.0191606821478582,0.138005896492686,0.0923179375855509,0.0603495816288893,0.00123404590037828,0.0593472455907113,0.0518110874204623,0.0413546679592417,0.0375865888741172,0.00818615181243304,3.74465982345069e-07,2.46896762642435e-06,0.00067128328901493,2.70893614025866e-06,1.93716261357243e-07,3.0733038225764e-07,9.89874375662214e-05,0.00017252745594787,3.26880860634553e-05,0.00021562832564625,1.3055009082289e-06,3.25938840863272e-05,4.4086525295957e-06,1.77099717000853e-06,2.50577259160781e-06,0.00042858824197612,1.90287993798789e-05,6.72602116694728e-06,1.29870112135591e-06,6.06778874094708e-06,7.63036014737717e-07,6.98955182549832e-08,5.36009249858964e-05,1.12373865900936e-05,1.69563558830604e-07,4.58430913421752e-06,4.28618995932915e-05,4.35213134331883e-05,0.00015609267610128,7.44195619312094e-06,1.12006150805327e-05,6.27385167673234e-05,0.00011549648945477,3.61583697084885e-07,8.91706805857335e-06,8.22383260328428e-06,2.6041659874586e-06,0.00086599877573874,2.80762014851912e-06,8.94918782717076e-07,5.27531071917434e-06,1.42465268817881e-07,2.1666454739466e-07,1.66799651051218e-06,0.00010305696297815,1.56348040608601e-06,1.97824151969038e-05,1.26230649351672e-06,0.0001112525349883,0.00027422195541993,9.66038021816829e-05
0.487519333760425,0.0203296703033561,0.135359695327083,0.0928394511369453,0.0630182374306884,0.0011782605603601,0.0596985350582452,0.0495430511808558,0.0423612725272323,0.0368346694226861,0.00744361433370351,3.74465982345069e-07,8.80890037983506e-06,0.00072182486233489,3.92753520120034e-06,1.93716261357243e-07,3.0733038225764e-07,9.35127428857225e-05,0.00023752236692973,3.7405097154289e-05,0.00020946854406401,2.18819818352591e-06,3.12332561238313e-05,4.32028872132038e-06,1.53360898332585e-06,2.14144181208304e-06,0.00042858824197612,1.96376760060017e-05,5.16190340729188e-06,1.22501693180296e-06,6.48043308198057e-06,6.73291748777202e-07,6.98955182549832e-08,5.33022634448618e-05,1.12373865900936e-05,2.15079308637162e-07,3.48802530963745e-06,5.29282124733189e-05,4.39509891562896e-05,0.00018515523091373,8.41614685971502e-06,1.1128016403401e-05,5.61076457314335e-05,0.00026744644465316,2.33781857214306e-07,9.35127428857225e-06,8.75279273410362e-06,2.59965425222308e-06,0.00084254981340035,1.77674211482873e-06,7.66804491662924e-07,7.30334521937492e-06,1.02864017174295e-07,2.05728034348589e-07,1.53360898332585e-06,9.08943860849223e-05,1.04734272032009e-06,1.87025485771445e-05,1.2811245775344e-06,0.00011221529146286,0.0002638929604235,1.02464026485727e-06
0.48785396123138,0.0201557761973471,0.134397231862344,0.0925482159966354,0.0603495816288893,0.00121589369171931,0.0610752754379009,0.0516754818980708,0.0403583175366833,0.0381603558631907,0.00829145967468592,3.2735599392443e-07,2.46896762642435e-06,0.00074870992324716,2.05766624752499e-06,3.74121135913635e-08,1.87060567956817e-07,0.00010173756639751,0.00017252745594787,3.62429850416334e-05,0.00016227504270253,1.14106946453659e-06,2.71237823537385e-05,4.0732438672597e-06,1.74433979619732e-06,2.57208280940624e-06,0.00042858824197612,2.174579102498e-05,6.44423656611236e-06,1.0288331237625e-06,6.40682445252099e-06,7.15506672434826e-07,6.54711987848861e-08,5.47853638403529e-05,9.91421010171132e-06,1.6928981400092e-07,4.91033990886646e-06,5.2896052103989e-05,4.31969616554281e-05,0.00015946913418318,1.30942397569772e-05,1.17450654105887e-05,6.58687024917943e-05,0.0002936850916922,2.71237823537385e-07,8.41772555805678e-06,7.92669156717013e-06,2.94620394531987e-06,0.00093623814262387,3.01167514410476e-06,8.63284521120712e-07,6.37876536732747e-06,1.35618911768693e-07,2.1511965315034e-07,1.57598528503619e-06,9.07243754590564e-05,1.1223634077409e-06,1.91830612439716e-05,1.17380506392903e-06,0.00010288331237625,0.00029742630305134,0
0.5146,0.0218,0.1492,0.0444,0.0572,0.00136,0.0609,0.0538,0.0432,0.0405,0.00789,3.74465982345069e-07,1e-05,0.000764,3.2e-06,1.93716261357243e-07,3.0733038225764e-07,9.4e-05,0.00017252745594787,4.4e-05,0.000227,1.3055009082289e-06,3.8e-05,4.36050232410963e-06,1.80833536945253e-06,2.4434434793851e-06,0.00042858824197612,2.10178217944236e-05,6.96655453026459e-06,1.29870112135591e-06,6.06778874094708e-06,7.61848559873227e-07,6.98955182549832e-08,5.9e-05,1e-05,1.73560265803822e-07,4.58430913421752e-06,4.2e-05,4.34255886101516e-05,0.000156,7.93180641711476e-06,1.11100457822163e-05,5.91547329743856e-05,0.00011549648945477,1.8e-05,4.9e-06,8.10604259851588e-06,2.6041659874586e-06,0.000883,2.80762014851912e-06,8.79291438822906e-07,6.19972743755806e-06,1.42465268817881e-07,2.1377760444389e-07,1.66799651051218e-06,1e-04,1.56348040608601e-06,1.9e-05,1.39062854687997e-06,0.000111,0.00026569141485884,0.00138566525365857
0.4994,0.0214,0.1289,0.0972,0.0603495816288893,0.00127,0.0448,0.0525,0.0299,0.0408,0.006985,3.74465982345069e-07,1e-06,0.0007923,2.70893614025866e-06,1.93716261357243e-07,1.3e-06,9.53e-05,0.00017252745594787,3.33136442220146e-05,0.0001903,8.6e-06,3.14e-05,4.36050232410963e-06,1.80833536945253e-06,2.4434434793851e-06,0.00042858824197612,2.1e-05,6.96655453026459e-06,1.29870112135591e-06,6.06778874094708e-06,7.61848559873227e-07,6.98955182549832e-08,5.27e-05,1.12373865900936e-05,1.73560265803822e-07,1e-06,4.72e-05,3.95e-05,0.0001625,8.5e-06,1.11100457822163e-05,5.95e-05,0.000229,3.61583697084885e-07,8.91706805857335e-06,1.07e-05,3.8e-06,0.0008515,2.80762014851912e-06,8.79291438822906e-07,8e-06,1.42465268817881e-07,2.1377760444389e-07,2.8e-06,0.000153,1.56348040608601e-06,1.95e-05,1.39062854687997e-06,0.0001089,0.0002864,0.0126094379331297
0.484413234272391,0.0191919909959347,0.132867629971856,0.0904238037308463,0.0719699662347552,0.00129176862472638,0.0608976637371006,0.051670744989055,0.0396757506165958,0.0351545604300535,0.00839649606072144,2.76807562441366e-07,6.27430474867097e-06,0.00063112124236631,2.86034481189412e-06,1.93716261357243e-07,3.0733038225764e-07,9.319187935526e-05,0.00062743047486709,3.22942156181594e-05,0.00017992491558688,1.01496106228501e-06,2.86034481189412e-05,4.05984424914004e-06,2.95261399937457e-06,2.12219131205047e-06,0.00045211901865423,2.30672968701138e-05,8.11968849828008e-06,3.32169074929639e-06,5.07480531142505e-06,6.45884312363188e-07,6.98955182549832e-08,5.35161287386641e-05,1.19949943724592e-05,1.84538374960911e-07,4.79799774898368e-06,7.28926581095598e-05,4.42892099906186e-05,0.0001420945487199,7.56607337339734e-06,1.19949943724592e-05,5.72068962378823e-05,0.00025835372494527,2.76807562441366e-07,1.29176862472638e-05,7.6583425608778e-06,2.21446049953093e-06,0.00082119576857605,2.76807562441366e-06,5.53615124882732e-07,6.73565068607324e-06,1.84538374960911e-07,1.84538374960911e-07,1.84538374960911e-06,8.4887652482019e-05,1.56857618716774e-06,1.6608453746482e-05,1.29176862472638e-06,0.00010426418185291,0.00021129643933024,6.11596329136432e-11
0.488734479819398,0.0196358143564502,0.136511187846518,0.0920722395661303,0.0605985658368919,0.00122136644322418,0.0599409069828481,0.0508276342910984,0.0418083128642122,0.0372047008859057,0.00779795498366205,3.74465982345069e-07,2.46896762642435e-06,0.00074127547977221,2.68700617509319e-06,1.93716261357243e-07,3.0733038225764e-07,9.95883407552021e-05,0.00017252745594787,3.47619679994573e-05,0.00018226545383499,1.17439081079248e-06,2.94067459022436e-05,4.4814753339841e-06,1.79446915889091e-06,2.56486953077077e-06,0.00042858824197612,2.22664497726254e-05,6.86783746151441e-06,1.29870112135591e-06,6.31352499882036e-06,7.42214992420846e-07,5.5431246269405e-08,5.36461722370004e-05,1.08043954592908e-05,1.69112276754117e-07,4.66937786371089e-06,4.98881216424645e-05,4.65058761073821e-05,0.0001522010490787,8.07980877825225e-06,1.2025761902515e-05,5.99409069828481e-05,0.00011549648945477,3.61583697084885e-07,9.77093154579342e-06,8.50258947013754e-06,2.38636212753031e-06,0.0008765653011755,3.03462585508776e-06,9.39512648633982e-07,5.99409069828481e-06,1.12741517836078e-07,2.34878162158496e-07,1.50322023781437e-06,9.77093154579342e-05,1.07104441944274e-06,1.935396056186e-05,1.22136644322418e-06,0.00010710444194427,0.00025366841513117,1.87013374142175e-06
0.490710789874366,0.0193877560032106,0.138770490013128,0.0926410015916962,0.0577812432608002,0.00124158043370315,0.0548205514573543,0.0499497359097496,0.0429777842435704,0.0400170924401245,0.00811802591267441,3.74465982345069e-07,1.05056805928728e-05,0.0006933749191296,2.70893614025866e-06,1.93716261357243e-07,1.14607424649521e-05,0.00014803459017229,0.00026837238605429,3.15170417786183e-05,0.00019578768377626,1.3055009082289e-06,3.0561979906539e-05,3.82024748831737e-06,2.86518561623803e-06,1.91012374415869e-06,0.00023685534427567,2.29214849299042e-05,1.24158043370315e-05,1.29870112135591e-06,1.05056805928728e-05,2.86518561623803e-06,6.98955182549832e-08,4.20227223714911e-05,1.12373865900936e-05,1.73560265803822e-07,3.82024748831737e-06,5.63486504526812e-05,4.77530936039671e-05,0.00014134915706774,9.55061872079342e-06,8.59555684871408e-06,5.73037123247605e-05,0.00012320298149823,3.61583697084885e-07,1.24158043370315e-05,7.64049497663474e-06,4.77530936039671e-06,0.00086051074674348,2.80762014851912e-06,9.55061872079343e-07,3.82024748831737e-06,1.42465268817881e-07,2.1377760444389e-07,1.66799651051218e-06,9.83713728241723e-05,1.56348040608601e-06,1.62360518253488e-05,4.77530936039671e-06,8.78656922312995e-05,0.00028842868536796,3.14175959248431e-07
0.487734054225736,0.0199648177646316,0.135000196313223,0.0927888673251449,0.0603495816288893,0.00125493140234827,0.0579930420782156,0.0515249828394737,0.0408803411371028,0.0361268130979048,0.00792138643759419,3.74465982345069e-07,1.71127009411128e-06,0.00075010672458544,2.70893614025866e-06,1.93716261357243e-07,3.0733038225764e-07,0.00010933114490155,0.00017252745594787,3.51761074900652e-05,0.00021010593933255,1.23591729019148e-06,3.09086992762919e-05,4.08803411371028e-06,1.80833536945253e-06,2.46232752430456e-06,0.00042858824197612,2.10178217944236e-05,6.96655453026459e-06,1.29870112135591e-06,6.55986869409324e-06,7.61848559873227e-07,6.98955182549832e-08,5.12430322625544e-05,1.12373865900936e-05,1.74929831842486e-07,4.58430913421752e-06,4.58274609077431e-05,4.43979518861093e-05,0.00013404949070538,7.93180641711476e-06,1.11100457822163e-05,6.08451589017344e-05,0.00033940190199873,2.8521168235188e-07,9.69719719996392e-06,8.17606822742056e-06,2.6041659874586e-06,0.00086609857745302,2.94718738430276e-06,8.93663271369224e-07,6.84508037644512e-06,1.42465268817881e-07,2.1377760444389e-07,1.61619953332732e-06,9.9824088823158e-05,1.23591729019148e-06,1.95093726202646e-05,1.28345257058346e-06,0.00011788749537211,0.00026569141485884,0.00455596947124193
0.487432693015968,0.0197891274890671,0.142433224536415,0.0903458562077866,0.0603495816288893,0.00114250622524466,0.056123199424213,0.0492267466287782,0.0439947425480248,0.0368643089258375,0.00806414283592766,1.34462899769129e-06,9.40299998385517e-07,0.00074283699872455,3.25343799441389e-06,1.93716261357243e-07,1.41044999757828e-07,0.0001034329998224,0.00051622469911364,3.45090099407485e-05,0.00021062719963835,1.13776299804648e-06,3.02776599480137e-05,4.87075399163698e-06,2.00283899656115e-06,2.65164599544716e-06,0.00042858824197612,2.25671999612524e-05,8.21822198588942e-06,1.06253899817563e-06,5.47254599060371e-06,7.71045998676124e-07,4.70149999192759e-08,5.42553099068443e-05,1.12373865900936e-05,2.06865999644814e-07,4.2783649926541e-06,5.07761999128179e-05,4.79552999176614e-05,0.00015985099972553,6.43165198895694e-06,1.20358399793346e-05,6.20597998934441e-05,0.00026422429954633,3.61583697084885e-07,1.08134499814334e-05,8.65075998514676e-06,2.47298899575391e-06,0.00092055369841942,3.16881099455919e-06,1.08134499814334e-06,5.97090498974803e-06,1.50447999741683e-07,2.1377760444389e-07,1.69253999709393e-06,9.40299998385517e-05,1.26940499782045e-06,2.1814959962544e-05,1.363434997659e-06,0.00012505989978527,0.00024071679958669,2.20123197447464e-09
0.484643928186485,0.0199242918769739,0.138751125390679,0.0932072192164153,0.0603495816288893,0.0012296914954205,0.0610613256210915,0.0513792775065545,0.0414918243211209,0.0367861808787615,0.0076279974055706,3.74465982345069e-07,2.46896762642435e-06,0.00067578268324993,2.70893614025866e-06,1.93716261357243e-07,3.0733038225764e-07,0.00010527663445041,0.00017252745594787,3.0717394693179e-05,0.0001906532521686,1.3055009082289e-06,2.06338730309804e-05,4.36050232410963e-06,1.80833536945253e-06,2.4434434793851e-06,0.00042858824197612,2.04471411483471e-05,6.96655453026459e-06,1.29870112135591e-06,6.06778874094708e-06,7.61848559873227e-07,6.98955182549832e-08,6.03143980905582e-05,1.12373865900936e-05,1.73560265803822e-07,5.27984398145676e-06,4.68697025409601e-05,4.45430232833491e-05,0.00014625961439136,4.08942822966943e-06,1.11100457822163e-05,5.90072749121251e-05,0.00011549648945477,3.61583697084885e-07,3.74304058738464e-06,8.10604259851588e-06,2.6041659874586e-06,0.00081900603722968,2.80762014851912e-06,8.79291438822906e-07,7.96131381607105e-06,1.42465268817881e-07,2.1377760444389e-07,4.05208185314277e-06,8.18819305347052e-05,3.24876129405428e-05,1.94724007210013e-05,1.39062854687997e-06,0.00010391629268543,0.00027629596281954,1.30107659535028e-07
0.485766564484365,0.0200529294536213,0.137543745069777,0.0929606001161254,0.0598552435441583,0.00123315081786697,0.0594758125232761,0.0519820498608538,0.0416425545418153,0.0379431020882144,0.00785422213226039,3.74465982345069e-07,2.46896762642435e-06,0.0007263603507157,2.70893614025866e-06,1.93716261357243e-07,3.0733038225764e-07,0.00010339495319038,0.00017252745594787,3.32002143271876e-05,0.00021437852679841,1.12880728712438e-06,3.03544816705716e-05,4.57214380162984e-06,1.83075467575635e-06,2.66550292169706e-06,0.00042858824197612,2.18172837007233e-05,7.03844543736378e-06,1.29870112135591e-06,6.35546959977592e-06,7.58862041764289e-07,6.98955182549832e-08,5.58712178248958e-05,1.12373865900936e-05,1.80229734919019e-07,4.58430913421752e-06,5.03694680221047e-05,4.55317225058573e-05,0.00015461814100947,8.36645401045128e-06,1.17623616473465e-05,5.97603857889377e-05,0.00011549648945477,3.61583697084885e-07,8.91706805857335e-06,8.42336866358361e-06,2.6041659874586e-06,0.00087059902189394,2.96904773840278e-06,9.10634450117147e-07,6.93410190662119e-06,1.42465268817881e-07,2.27658612529287e-07,1.67898226740349e-06,0.00010434353074259,1.56348040608601e-06,1.99201285963126e-05,1.29006547099929e-06,0.000106240685847,0.00026370455951309,9.02314569728446e-06
0.50654918977943,0.0213473623713002,0.134630698688333,0.10834972368011,0.0564519138263271,0.00129032945888748,0.0438332507357364,0.0507592838606471,0.0275143781674536,0.0401330412580443,0.00569262996568005,1.03890496873661e-06,2.46896762642435e-06,0.0006546524460532,1.80266615579868e-06,3.03606931502936e-08,1.42315749142001e-07,9.05033287377033e-05,0.00017252745594787,3.00381107855717e-05,0.00018026661557986,9.39283944337208e-07,3.21918224559207e-05,3.24479908043763e-06,1.20494000940228e-06,1.91651875511228e-06,0.00042858824197612,1.97724014141287e-05,5.79699484838418e-06,9.96210243994008e-07,3.88996380988137e-06,5.31312130130138e-07,6.98955182549832e-08,4.43360997160381e-05,7.68505045366806e-06,1.13852599313601e-07,4.37383735696417e-06,5.04461892125347e-05,3.50571128719796e-05,0.00012690769736822,4.55410397254404e-06,8.99435534577448e-06,5.76758292689483e-05,0.00011549648945477,2.65656065065069e-07,8.14046085092247e-06,6.33779469512379e-06,1.90703103850282e-06,0.00089205409105528,2.50475718489922e-06,6.07213863005872e-07,4.5066653894967e-06,8.25431345023607e-08,1.47059607446735e-07,1.12903827652654e-06,0.00010227758505005,8.63382211461474e-07,1.65560654835195e-05,8.56740809834847e-07,8.39947551436091e-05,0.00022874884745424,8.96055154653297e-06
0.487734054225736,0.0195511629532065,0.133138651135006,0.0924150092763762,0.0603495816288893,0.0012398298458131,0.0569368013808014,0.0492117077261198,0.0420588432310443,0.0394838120128171,0.00792138643759419,3.74465982345069e-07,1.62131595221713e-06,0.00074389790748785,2.70893614025866e-06,1.93716261357243e-07,3.0733038225764e-07,9.70882140798256e-05,0.00050546909098534,3.41430065231607e-05,0.00022507680277837,1.09677255591159e-06,3.09086992762919e-05,4.67320480344937e-06,1.80833536945253e-06,2.69901420280851e-06,0.00042858824197612,2.10178217944236e-05,6.96655453026459e-06,1.29870112135591e-06,6.81906415197203e-06,7.61848559873227e-07,6.98955182549832e-08,5.34080548965642e-05,1.12373865900936e-05,1.55455588359642e-07,4.58430913421752e-06,4.58274609077431e-05,4.48246175024735e-05,0.00014831468082665,7.93180641711476e-06,1.11100457822163e-05,5.81766312266145e-05,0.00011549648945477,3.61583697084885e-07,9.77558147660326e-06,8.20195128768664e-06,2.6041659874586e-06,0.00089649235004947,2.75623711876912e-06,8.01120823448463e-07,6.25637214502609e-06,1.42465268817881e-07,2.1377760444389e-07,1.66799651051218e-06,0.00010300124872908,1.56348040608601e-06,1.95093726202646e-05,1.14445831921209e-06,0.0001144458319212,0.00022889166384241,0.00594113912845018
0.492635045915483,0.0211035093297128,0.133215902643812,0.0897841267465014,0.0603495816288893,0.00115880877122977,0.0590709837041515,0.050026622562846,0.0422070186594256,0.0382501106601045,0.00837545526522977,3.74465982345069e-07,2.46896762642435e-06,0.00069811162559451,2.70893614025866e-06,1.93716261357243e-07,3.0733038225764e-07,8.95014904608356e-05,0.00017252745594787,2.82636285665797e-05,0.00019784539996605,1.3055009082289e-06,2.3553023805483e-05,4.36050232410963e-06,1.80833536945253e-06,2.4434434793851e-06,0.00050403470943733,2.6379386662141e-05,6.96655453026459e-06,1.29870112135591e-06,4.71060476109661e-06,7.61848559873227e-07,6.98955182549832e-08,4.71060476109661e-05,9.42120952219322e-06,1.73560265803822e-07,6.59484666553525e-06,3.76848380887729e-06,4.23954428498695e-05,8.10224018908617e-05,3.76848380887729e-06,1.11100457822163e-05,5.91547329743856e-05,0.00031466839804125,3.61583697084885e-07,8.91706805857335e-06,8.10604259851588e-06,2.6041659874586e-06,0.00084319825223629,2.80762014851912e-06,8.79291438822906e-07,6.19972743755806e-06,1.42465268817881e-07,2.1377760444389e-07,1.66799651051218e-06,9.89226999830288e-05,1.56348040608601e-06,1.97845399966058e-05,1.39062854687997e-06,9.89226999830288e-05,0.00027886780185691,9.91050942283911e-05
0.485144598847803,0.0196803941042033,0.138052313649798,0.0956231773335461,0.0603495816288893,0.00116756016280276,0.0586535523385595,0.0505413443274059,0.0405143376492558,0.0381745470829991,0.00801880319812936,3.74465982345069e-07,1.03054457699742e-06,0.00072887607354908,2.43583263653936e-06,1.93716261357243e-07,7.49486965089034e-08,9.64964467552131e-05,0.00029417363379744,3.54132591004568e-05,0.00015739226266869,1.31160218890581e-06,3.34458558170981e-05,4.21586417862581e-06,1.5926598008142e-06,2.52951850717549e-06,0.00040753353726716,2.23909230820349e-05,7.49486965089034e-06,1.29870112135591e-06,5.62115223816775e-06,6.93275442707356e-07,6.98955182549832e-08,5.0777741884782e-05,9.55595880488518e-06,1.49897393017807e-07,4.96535114371485e-06,4.30955004926194e-05,4.37513015870723e-05,0.00015645540396233,7.30749790961808e-06,1.09612468644271e-05,5.6586265864222e-05,0.00041690212433077,3.74743482544517e-07,9.83701641679357e-06,7.86961313343486e-06,2.2484608952671e-06,0.0009171846735277,2.80762014851912e-06,9.36858706361292e-07,6.83906855643743e-06,9.36858706361292e-08,1.96740328335871e-07,1.31160218890581e-06,0.00011523362088243,9.36858706361292e-07,1.78003154208645e-05,1.21791631826968e-06,0.00011991791441424,0.00026981530743205,3.3110314490159e-10
0.487828933649931,0.0195084376388218,0.136021960795192,0.0913357732584506,0.0603495816288893,0.00127715276166478,0.0599402811276521,0.0507651703786635,0.0420431515185138,0.039277403113726,0.00793854746903235,3.74465982345069e-07,1.88788287016227e-06,0.00067963783325841,2.70893614025866e-06,1.93716261357243e-07,3.0733038225764e-07,9.72259678133569e-05,0.00017252745594787,2.0766711571785e-05,0.00020766711571785,1.3055009082289e-06,3.11500673576775e-05,4.36050232410963e-06,1.80833536945253e-06,2.4434434793851e-06,0.00042858824197612,2.26545944419472e-05,6.96655453026459e-06,1.29870112135591e-06,6.06778874094708e-06,7.61848559873227e-07,6.98955182549832e-08,4.9084954624219e-05,1.12373865900936e-05,1.73560265803822e-07,4.58430913421752e-06,5.00288960593002e-05,4.34255886101516e-05,0.00011704873795006,9.43941435081135e-06,1.11100457822163e-05,6.04122518451927e-05,3.77576574032454e-05,3.61583697084885e-07,8.91706805857335e-06,8.10604259851588e-06,2.6041659874586e-06,0.00086370641309923,2.80762014851912e-06,8.79291438822906e-07,4.71970717540568e-06,1.42465268817881e-07,2.1377760444389e-07,1.66799651051218e-06,8.02350219818965e-05,1.56348040608601e-06,2.35985358770284e-05,1.39062854687997e-06,0.00011327297220973,0.00029262184487515,0.00022172235109063
0.488515047808119,0.021156491414026,0.135184982539229,0.0963703171890868,0.0516418294358114,0.00133269237253707,0.0601377433107353,0.0522248823487964,0.0428960357410369,0.038648078803575,0.00824603405507312,2.08233183208917e-07,2.93192321958155e-06,0.00063561096842689,2.70893614025866e-06,1.93716261357243e-07,1.48262026444749e-07,8.33765665568504e-05,0.00017252745594787,3.11183668987406e-05,0.00019823799041488,9.74531297417732e-07,2.62373810843236e-05,3.9814184629545e-06,1.64920681101462e-06,2.3072236699548e-06,0.00029152645649248,1.73833061342804e-05,6.2886421329093e-06,1.32436304520871e-06,5.6722719106109e-06,6.08040894970038e-07,6.98955182549832e-08,4.44536199514396e-05,1.12373865900936e-05,1.4992789191042e-07,3.97308913562614e-06,4.56863603960364e-05,3.80317085812766e-05,0.0001611724838037,6.68012051734206e-06,9.99519279402802e-06,5.38907478144678e-05,0.00050309137063274,3.61583697084885e-07,8.91706805857335e-06,7.72128643338665e-06,2.39884627056672e-06,0.0007932018414794,2.80762014851912e-06,8.07944750850598e-07,3.93977182631271e-06,1.42465268817881e-07,2.1377760444389e-07,1.38266833650721e-06,8.91238024134165e-05,4.16466366417834e-06,1.7491587389549e-05,1.13278851665651e-06,0.00010203425977236,0.00024654808891935,2.77527844039227e-08
0.48773399638354,0.0199594444818847,0.135742285322501,0.0919398845364642,0.0603495744718079,0.00121021066089255,0.0595170765319547,0.0516597386589956,0.0412736023901416,0.0388351182226715,0.00821859478665838,3.74465937935756e-07,2.4689673336203e-06,0.00069451641658684,2.5739555101073e-06,1.93716238383711e-07,3.07330345810187e-07,9.48299398460583e-05,0.00017252743548719,3.26937506897839e-05,0.00019778816025035,1.0386136268854e-06,2.86296104106671e-05,4.3531458100762e-06,1.7340331857565e-06,2.40235847610015e-06,0.00042858819114824,2.0772272537708e-05,6.68325290343649e-06,1.30955631215985e-06,5.64463927655109e-06,7.58639518768467e-07,6.98955099658137e-08,5.0937224831597e-05,1.12892785531022e-05,1.71597034007153e-07,4.56989995829576e-06,4.92212544915255e-05,4.2538001588089e-05,0.00015172790375369,7.88443214148656e-06,1.10183358678277e-05,5.70785923644846e-05,0.00011549647575761,3.6158365420333e-07,9.57330821303065e-06,8.07409202117868e-06,2.51976697305241e-06,0.00084443803577204,2.80877250401182e-06,8.57985170035766e-07,6.18652464709999e-06,1.17408496952263e-07,2.16754148219562e-07,1.49018476900949e-06,9.8442508983051e-05,1.56348022066705e-06,2.02303871671591e-05,1.28246204363241e-06,0.00010024879355154,0.00025468612415798,0
0.486291063165158,0.0196386775509006,0.136255015198391,0.0915536443920556,0.0603495816288893,0.00121572765791289,0.0592901027012904,0.0515281491930773,0.0418023279297741,0.0376875573952997,0.0105674788726275,3.74465982345069e-07,1.58979770650148e-06,0.00071606359051069,2.68114707325867e-06,1.93716261357243e-07,9.35175121471457e-08,9.96616126952132e-05,0.00017252745594787,3.4105836680064e-05,0.00021134957745254,1.07545138969218e-06,3.09086992762919e-05,4.57113599375248e-06,1.85164674051348e-06,2.47821407189936e-06,0.00042858824197612,2.3818910343878e-05,6.63600266196146e-06,1.29870112135591e-06,6.21236833193489e-06,7.48140097177166e-07,6.98955182549832e-08,5.17591374480807e-05,1.07545138969218e-05,1.9264607502312e-07,5.14346316809301e-06,4.14563131348297e-05,4.38877684506555e-05,0.00014806627698257,7.83676751793081e-06,1.14343862102315e-05,6.52097612202047e-05,0.00011549648945477,2.40340006218164e-07,9.34239946349986e-06,8.24824457137825e-06,2.6041659874586e-06,0.00102560655571775,3.19829891543238e-06,8.91221890762299e-07,6.64909511366206e-06,1.12221014576575e-07,2.4408070670405e-07,1.62065848551003e-06,9.78941317156321e-05,1.56348040608601e-06,1.9919230087342e-05,1.3204672715177e-06,0.00011814067309548,0.0002749414857126,1.91555804551768e-09
0.489055857812373,0.0195246868378068,0.135734120997446,0.0936809493467847,0.0603495816288893,0.00122029292736293,0.0609207776814261,0.05003201002188,0.0405512726631373,0.0378290807482507,0.00741562625089779,3.74465982345069e-07,2.46896762642435e-06,0.00072748232208174,2.80667373293473e-06,1.93716261357243e-07,3.0733038225764e-07,9.85621210562364e-05,0.00017252745594787,3.45436767130429e-05,0.00020651111078449,1.07010302861057e-06,3.06011918707934e-05,4.5432444372589e-06,1.83043939104439e-06,2.49690706675799e-06,0.00042858824197612,2.18714040058125e-05,7.01199089800082e-06,1.27661413939506e-06,6.06391716212655e-06,7.88496968449891e-07,6.98955182549832e-08,5.30358079969272e-05,1.17335858400281e-05,1.78350504768428e-07,4.58430913421752e-06,5.12523029492429e-05,4.40244140717856e-05,0.00015676070682277,8.62653230958869e-06,1.09826363462663e-05,6.16717271751879e-05,0.00011549648945477,3.61583697084885e-07,9.95008079234387e-06,8.37308685544408e-06,2.6041659874586e-06,0.00087954959456851,2.96625050035912e-06,9.10526261186184e-07,6.37368382830329e-06,1.42465268817881e-07,2.34671716800563e-07,1.55822019955574e-06,0.00010325555539224,1.56348040608601e-06,2.07449797651698e-05,1.34232222009922e-06,0.00010701030286105,0.00026846444401984,5.19768339479754e-10
0.484955640748896,0.0195827554408407,0.137550027399366,0.091888313991637,0.0603495816288893,0.00128041093267035,0.0604429278510563,0.0516871766202958,0.0423665382133572,0.0380357365293252,0.00809671619188605,1.50636580314159e-07,2.46896762642435e-06,0.00073435332903152,2.92799852985647e-06,3.29517519437223e-08,9.41478626963494e-08,9.79137772042034e-05,0.00017252745594787,3.28576040810259e-05,0.00022378946962922,1.07328563473838e-06,3.23868647675442e-05,4.4720234780766e-06,1.74173545988246e-06,2.54199229280143e-06,0.00042858824197612,2.16540084201604e-05,6.77864611413716e-06,1.29870112135591e-06,5.64887176178096e-06,7.2493854276189e-07,6.98955182549832e-08,5.55472389908461e-05,1.1165936515787e-05,1.68524674226465e-07,4.82037057005309e-06,5.10281415814214e-05,4.44377911926769e-05,0.00015251953756808,8.46389285640181e-06,1.14201357450672e-05,5.95955970867892e-05,0.00011549648945477,2.07125297931969e-07,9.50893413233129e-06,8.38857456624473e-06,2.75853237700304e-06,0.00086992625131426,3.14453861405807e-06,9.22649054424224e-07,8.16261969577349e-06,1.12035956608656e-07,2.27837827725166e-07,2.07125297931969e-06,0.00010073821308509,1.06387084846875e-06,2.02417904797151e-05,1.28041093267035e-06,0.00010836418996349,0.00027679471632726,6.15017087587377e-05
0.486142880990923,0.0196345085914781,0.134987246566412,0.0943966759205676,0.0603495816288893,0.00129323446011178,0.0617354260520512,0.0500302382379008,0.0414401407291292,0.0382306537478299,0.00806147612361647,3.74465982345069e-07,2.46896762642435e-06,0.0006985354018122,2.70893614025866e-06,1.93716261357243e-07,3.0733038225764e-07,9.72285761981846e-05,0.00017252745594787,3.24724565166753e-05,0.00016236228258337,1.01948409994213e-06,3.03957296464228e-05,4.34224709234611e-06,1.73689883693844e-06,2.43543423875064e-06,0.00042858824197612,2.10178217944236e-05,6.50393097092711e-06,1.29870112135591e-06,6.06778874094708e-06,7.17414736996314e-07,6.98955182549832e-08,5.1729378404471e-05,9.6284609438979e-06,1.60474349064965e-07,4.03073806180824e-06,4.58274609077431e-05,4.29504875438583e-05,0.00014914674795449,7.92932077732768e-06,1.09500144067858e-05,6.06026659410044e-05,0.00011549648945477,1.88793351841135e-07,9.2791932429918e-06,8.0331571208403e-06,2.6041659874586e-06,0.00086089768439557,2.80762014851912e-06,8.40130415693052e-07,6.02250792373221e-06,1.42465268817881e-07,2.07672687025249e-07,1.56698482028142e-06,9.53406426797733e-05,1.56348040608601e-06,1.86905418322724e-05,1.18939811659915e-06,0.00010761221054944,0.00018596145156351,0.00022316343361072
0.486644448751363,0.0204366350282862,0.138894292984004,0.0904075579786792,0.0603495816288893,0.00112705470064461,0.0630870037829703,0.0514423307348164,0.0399379549523029,0.0362154008373108,0.00758259955031194,4.51757195362115e-07,2.46896762642435e-06,0.00059205446100252,2.44397836745591e-06,1.93716261357243e-07,3.18007135451593e-07,8.9649952744221e-05,0.00017252745594787,3.09308704981887e-05,0.00059205446100252,1.0082696824024e-06,2.50945042475477e-05,4.12099834941093e-06,1.59938882830066e-06,2.28123353931304e-06,0.00042858824197612,1.95480856792302e-05,6.39942594341116e-06,1.29870112135591e-06,6.75016910751218e-06,6.92133177159348e-07,6.98955182549832e-08,4.71679407083053e-05,3.10833268601846e-05,1.67421403664221e-07,4.49605970622296e-06,5.58008991207118e-05,3.85069228427708e-05,0.00013218808368639,5.19474008911219e-06,1.0297819298006e-05,5.69045709437497e-05,0.00011549648945477,3.47937218788213e-07,8.18681310766997e-06,7.56202261801801e-06,1.97725613042549e-06,0.00087283605530419,3.01452058106024e-06,8.67037101657724e-07,4.60455625831821e-06,1.42465268817881e-07,2.10445898460613e-07,1.26174007565941e-06,9.12586947235643e-05,6.03278242253756e-07,1.74249203925387e-05,1.24022782826121e-06,9.94520550369642e-05,0.00028629995341686,1.42151956872283e-10
0.47266667962208,0.0193610305624534,0.134469485426636,0.0902288407684882,0.0873775726096471,0.00117729782042472,0.0574852451379257,0.0492073698380644,0.0406535653615411,0.0361467221427277,0.00779040042109169,3.74465982345069e-07,6.43834745544768e-06,0.00069994034479938,2.70893614025866e-06,2.75929176662044e-06,3.67905568882725e-06,9.91505508138943e-05,2.24422397018462e-07,2.29940980551703e-05,0.00019131089581901,1.3055009082289e-06,5.61055992546155e-05,4.63561016792233e-06,1.78434200908121e-06,2.70410593128803e-06,0.00042858824197612,1.9315042366343e-05,6.81545066355247e-06,1.29870112135591e-06,6.43834745544768e-06,7.63404055431654e-07,6.98955182549832e-08,5.26104963502296e-05,1.12373865900936e-05,1.56359866775158e-07,7.35811137765449e-06,4.59881961103406e-05,4.60801725025613e-05,0.00014716222755309,6.43834745544768e-06,1.16810018120265e-05,5.51858353324087e-05,0.00011549648945477,3.61583697084885e-07,8.55380447652335e-06,8.43423516663646e-06,3.67905568882725e-06,0.00083330611351937,2.80762014851912e-06,9.10566282984743e-07,5.86809382367946e-06,1.42465268817881e-07,2.02348062885499e-07,2.75929176662044e-06,9.65752118317152e-05,1.56348040608601e-06,1.79353964830328e-05,1.11291434587024e-06,0.00010577285105378,0.00028696634372852,3.96384177703268e-08
0.489225285863903,0.0202844904364563,0.13724359746211,0.0934464659473788,0.0601266654631114,0.00121763576840524,0.0542744625451948,0.0515371418255241,0.04228688560043,0.0387944419236088,0.00792879105008063,3.74465982345069e-07,2.46896762642435e-06,0.00071547900190013,2.22761272359408e-06,1.93716261357243e-07,3.0733038225764e-07,9.72220807331315e-05,0.00017252745594787,3.20927256788978e-05,0.000183117317109,1.3055009082289e-06,3.11488219824596e-05,5.47464143934139e-06,2.17097850180779e-06,2.83171108931451e-06,0.00042858824197612,2.17097850180779e-05,7.92879105008063e-06,1.29870112135591e-06,5.5690318089852e-06,8.21196215901208e-07,6.98955182549832e-08,5.47464143934139e-05,9.4390369643817e-06,2.17097850180779e-07,4.58430913421752e-06,5.0026895911223e-05,5.25754358916061e-05,0.00014252945816216,1.03829406608199e-05,1.39697747072849e-05,5.94659328756047e-05,0.00011549648945477,3.61583697084885e-07,8.02318141972445e-06,9.34464659473788e-06,2.45414961073924e-06,0.00085800846006229,2.80762014851912e-06,1.14212347269019e-06,6.19972743755806e-06,1.42465268817881e-07,1.98219776252016e-07,1.66799651051218e-06,0.00010008080599675,1.56348040608601e-06,1.88780739287634e-05,1.66127050573118e-06,0.00011232453987614,0.00027561987935994,5.29613274369289e-06
0.495751862066353,0.0193010112306466,0.137654420198266,0.0866096138471653,0.057805059015642,0.00117569611557238,0.057805059015642,0.051632654408887,0.0434027815998803,0.0369364529642323,0.00783797410381586,2.15544287854936e-07,2.46896762642435e-06,0.00073481007223273,2.84126561263325e-06,1.93716261357243e-07,1.86151884965627e-07,0.00010385315687556,0.0005192657843778,3.20377191493473e-05,0.00016655694970608,1.17569611557238e-06,2.64531626003785e-05,4.65379712414067e-06,2.06726566988143e-06,2.40037956929361e-06,0.00057805059015642,2.05746820225166e-05,7.12275896684266e-06,1.29870112135591e-06,6.85822734083888e-06,7.54405007492277e-07,5.8784805778619e-08,5.6825312252665e-05,9.79746762976983e-06,1.95949352595397e-07,5.8784805778619e-06,5.4865818726711e-05,4.78116420332768e-05,0.00014696201444654,7.93180641711476e-06,1.24427838898077e-05,6.41734129749924e-05,1.95949352595397e-08,3.61583697084885e-07,7.83797410381586e-06,8.71974619049515e-06,2.6041659874586e-06,0.00092586069101324,3.42911367041944e-06,1.01893663349606e-06,7.25012604602967e-06,1.37164546816778e-07,2.05746820225166e-07,1.66556949706087e-06,0.00010287341011258,1.56348040608601e-06,1.98888592884327e-05,1.37164546816778e-06,0.00010581265040151,0.00027530884039653,7.03667865642466e-07
0.48672704984564,0.0197270511239075,0.136287367620457,0.0933241264707931,0.0582327374523038,0.00123294069524422,0.0593708365556062,0.0529216083035595,0.0415406172705359,0.0386005279203382,0.00834606009088393,3.74465982345069e-07,2.46896762642435e-06,0.0007331255057106,2.69350121114891e-06,1.32778228718608e-07,9.48415919418629e-08,9.9583671538956e-05,0.00017252745594787,3.2530666036059e-05,0.00021149675003035,1.15706742169073e-06,2.99699430536287e-05,4.32477659254895e-06,1.6597278589826e-06,2.48484970887681e-06,0.00042858824197612,2.01064174916749e-05,6.76220550545482e-06,1.29870112135591e-06,6.05089356589085e-06,7.38816001227112e-07,6.98955182549832e-08,5.21723597272188e-05,1.14758326249654e-05,1.77353776931284e-07,5.52926481021061e-06,4.84640534822919e-05,4.47652313965593e-05,0.00015658346829601,8.7159422994572e-06,1.11913078491398e-05,5.80430542684201e-05,0.00011549648945477,2.66504873356635e-07,9.57900078612815e-06,8.19431354377695e-06,2.6041659874586e-06,0.00088582046873699,2.88318439503263e-06,8.9909829160886e-07,6.19315595380365e-06,1.28036149121515e-07,2.26671404741052e-07,1.55540210784655e-06,9.41777007982698e-05,1.01480503377793e-06,2.09599918191517e-05,1.28984565040934e-06,0.00010053208745837,0.00027314378479256,8.75393524191193e-06
0.490665899174839,0.0202603727447928,0.132988702613924,0.0926599985721566,0.0603495816288893,0.0012296914954205,0.058668662308381,0.0511790458434813,0.042249118519947,0.0366799165332267,0.00792138643759419,3.74465982345069e-07,6.14532633017412e-06,0.00074224019581634,2.45813053206965e-06,1.93716261357243e-07,3.0733038225764e-07,9.4676433774245e-05,0.00017252745594787,3.48555227789563e-05,0.00022084766499063,1.16185075929854e-06,2.65977405227848e-05,4.26332014155829e-06,1.75717924753416e-06,2.37171188055157e-06,0.00042858824197612,2.16046628795184e-05,7.02871699013664e-06,1.29870112135591e-06,6.91349212144588e-06,6.62542994971897e-07,1.76678131992506e-07,5.2139253082571e-05,1.12373865900936e-05,1.73560265803822e-07,4.58979060284879e-06,5.15631287391172e-05,4.37854501024906e-05,0.00014259077500482,7.93180641711476e-06,1.08023314397592e-05,5.69402892780195e-05,0.00011549648945477,3.61583697084885e-07,9.794113838715e-06,7.95051593966276e-06,2.6041659874586e-06,0.00089395293959251,2.97664244117809e-06,8.35380298008044e-07,6.53901129820089e-06,1.42465268817881e-07,2.1377760444389e-07,1.56513779971622e-06,9.31401021917014e-05,1.56348040608601e-06,1.90121033339762e-05,1.28667770038021e-06,0.00010850341801713,0.00026789781970602,0.00145498344968487
0.487024335121642,0.0199029579219407,0.137284051593572,0.0912744498884845,0.0603495816288893,0.00124540019792486,0.0597796765371433,0.0517981118845909,0.0418585423607492,0.0378553835605942,0.00792524002048545,3.74465982345069e-07,2.46896762642435e-06,0.00072493073988743,2.70893614025866e-06,1.93716261357243e-07,3.0733038225764e-07,9.87953784092269e-05,0.00017252745594787,3.33136442220146e-05,0.00021025994491328,1.07146186935917e-06,2.97035373089406e-05,4.87721719454154e-06,1.82414360284258e-06,2.65350374317803e-06,0.00042858824197612,1.84946553055668e-05,7.02359967265927e-06,1.29870112135591e-06,6.33606501750657e-06,8.19260909523226e-07,6.98955182549832e-08,5.30216375240128e-05,1.12373865900936e-05,1.81140439700112e-07,4.58430913421752e-06,4.66971420957896e-05,4.38440163600671e-05,0.00015337486874616,8.10390467348531e-06,1.13848318982563e-05,5.84812442329767e-05,0.00011549648945477,3.61583697084885e-07,9.99458645300831e-06,8.53117036646987e-06,2.6041659874586e-06,0.00089900909238149,2.9082687524728e-06,9.57433151895731e-07,6.56728728668849e-06,1.42465268817881e-07,2.22752880193404e-07,1.5953405595926e-06,0.00010265467768089,1.56348040608601e-06,2.03906581345648e-05,1.23346530371436e-06,0.0001073250451823,0.00028115612358462,3.85274512293421e-09
0.484666141684703,0.0196447799742968,0.136944045907779,0.0924348584297828,0.0627304326715466,0.00123373014331332,0.0600731677474872,0.0518166660191596,0.0415672155977873,0.0375813182116981,0.00768708781602917,3.74465982345069e-07,2.46896762642435e-06,0.00070417520487575,2.70893614025866e-06,1.93716261357243e-07,3.0733038225764e-07,9.83213242480012e-05,0.00017252745594787,3.32158115507433e-05,0.00019075366061998,1.3055009082289e-06,3.13177651764151e-05,4.36050232410963e-06,1.80833536945253e-06,2.4434434793851e-06,0.00042858824197612,1.51843709946255e-05,6.96655453026459e-06,1.29870112135591e-06,8.54120868447685e-06,7.61848559873227e-07,6.98955182549832e-08,5.22601410378185e-05,1.12373865900936e-05,1.73560265803822e-07,4.58430913421752e-06,4.55531129838765e-05,4.34255886101516e-05,0.00016323198819222,8.54120868447685e-06,1.11100457822163e-05,5.88394376041738e-05,0.00017082417368953,3.61583697084885e-07,9.49023187164094e-06,8.10604259851588e-06,2.6041659874586e-06,0.000798128500405,2.80762014851912e-06,8.79291438822906e-07,6.19972743755806e-06,1.42465268817881e-07,2.1377760444389e-07,1.66799651051218e-06,9.30042723420812e-05,1.56348040608601e-06,2.08785101176101e-05,1.39062854687997e-06,0.00010629059696237,0.00027901281702624,1.03398931955434e-05
0.486699384388625,0.0196418232316887,0.136951819721803,0.0921374984358276,0.0603495816288893,0.00123111142762721,0.0591586347381774,0.0519211918000053,0.0421375865910587,0.0379406158150569,0.00811414350027027,3.74465982345069e-07,2.46896762642435e-06,0.00077755878576727,2.89124653457906e-06,1.02592618968935e-06,3.0733038225764e-07,9.5970731744576e-05,0.00017252745594787,3.45084263804598e-05,0.00020835628252418,1.03525279141379e-06,2.88191993285461e-05,4.34619640359304e-06,1.67878831040075e-06,2.48087605870333e-06,0.00042858824197612,2.07983218455204e-05,6.50064140194067e-06,1.3057242414228e-06,6.48198819849177e-06,7.50791438818112e-07,6.98955182549832e-08,4.9524255156822e-05,1.03525279141379e-05,1.72542131902299e-07,4.54205503980646e-06,4.69128066739764e-05,4.26225698807301e-05,0.00015276973624646,8.95353765547065e-06,1.07815515934626e-05,5.81979947605592e-05,0.00011549648945477,3.07777856906804e-07,9.14006968995962e-06,7.76905923646568e-06,2.42491644835663e-06,0.00087800628633959,2.70471450009009e-06,7.98357107612799e-07,6.03431131571824e-06,1.42465268817881e-07,2.05185237937869e-07,1.55754248798291e-06,9.62505297963095e-05,1.14717201210718e-06,2.03319917592979e-05,1.23111142762721e-06,0.00010772224991738,0.00028063744588865,5.38857847232066e-12
0.484563898984335,0.02023657662425,0.138314216376755,0.0937566164701491,0.0603495816288893,0.0012067683308039,0.0598742748745012,0.0506842698937638,0.0411229515804713,0.038152444920031,0.00826172164934977,3.74465982345069e-07,2.46896762642435e-06,0.00068692966522683,2.04222332905275e-06,1.11393999766514e-06,3.0733038225764e-07,9.00434831445986e-05,0.00017252745594787,4.91990165635436e-05,0.00020838037459395,1.3055009082289e-06,2.87767832730161e-05,4.08444665810551e-06,1.57808166335895e-06,2.22787999533028e-06,0.00042858824197612,2.10178217944236e-05,6.40515498657454e-06,1.29870112135591e-06,6.06778874094708e-06,7.61848559873227e-07,6.98955182549832e-08,4.64141665693807e-05,1.12373865900936e-05,1.73560265803822e-07,5.29121498890941e-06,4.58274609077431e-05,3.89878999182798e-05,0.00012995966639426,8.35454998248853e-06,1.02111166452638e-05,5.91547329743856e-05,0.00011549648945477,3.61583697084885e-07,8.91706805857335e-06,7.42626665110092e-06,1.85656666277523e-06,0.00077975799836559,2.80762014851912e-06,8.35454998248853e-07,6.4979833197133e-06,1.42465268817881e-07,2.1377760444389e-07,1.2067683308039e-06,0.00010211116645263,1.56348040608601e-06,1.76373832963647e-05,1.02111166452638e-06,9.19000498073739e-05,0.00026569141485884,5.3194428084602e-08
