"","Ag","Al2O3","As","Ba","Be","CaO","Cd","Ce","Co","Cr","Cs","Cu","Dy","Er","Eu","Fe(II)O","Fe2O3T","Ga","Gd","Ge","Hf","Ho","K2O","La","Li","Lu","MgO","MnO","Mo","Na2O","Nb","Nd","Ni","P2O5","Pb","Pr","Rb","Sb","Sc","SiO2","Sm","Sn","Sr","Ta","Tb","Th","TiO2","Tl","Tm","U","V","W","Y","Yb","Zn","Zr","name"
"1",2.01347256261408e-07,0.146131488981381,2.93370306850631e-06,0.000352264889170985,1.49472092276336e-06,0.0133863038081256,4.25877636618703e-07,4.16658412650848e-05,6.46422148288332e-06,3.53533463022084e-05,4.06294845267413e-06,1.53623022738019e-05,2.63283514449981e-06,1.49745628656369e-06,7.36014338977711e-07,0.0252542334265739,0.0305749248584147,1.72812614594227e-05,3.63508304491637e-06,2.13911069395971e-06,3.32290890242102e-06,5.44657142432568e-07,0.0294729761368566,2.28907462415969e-05,5.07006735002913e-05,2.14069610035784e-07,0.0104200976461758,0.00073733172763863,1.07092254824488e-06,0.0445964660652286,1.26326859875802e-05,1.61164076211498e-05,1.60667177970625e-05,0.00158699678001475,9.29571858851861e-06,4.54764705069741e-06,0.000149371167459597,7.66254838845155e-07,6.20790487171607e-06,0.693588753837118,3.47324943908708e-06,3.90582859024649e-06,9.14055429528372e-05,1.57106242002736e-06,4.91203050517133e-07,7.62250272545236e-06,0.00312150691907648,7.78985862332156e-07,2.05538755615883e-07,3.05512961830148e-06,3.68623344522225e-05,2.90268888103456e-06,1.62831885411837e-05,1.44500419490563e-06,4.07018734323055e-05,0.000136316239519575,"GeoPT1.csv"
"2",5.95293522289563e-07,0.147817983717906,8.12623351630705e-06,0.000129861113016332,5.46309308233078e-07,0.0633705837218403,1.79476824427075e-07,1.26415580739806e-05,2.3887952996556e-05,2.48198906959309e-05,1.47805645662112e-07,5.98561295208379e-05,3.3332234357e-06,2.33111887556742e-06,5.03980381143939e-07,0.0488761102661692,0.0882344542383511,1.28306090692159e-05,2.68036546656171e-06,1.64723345782052e-06,1.56687567547602e-06,8.06463102379191e-07,0.00198403487832056,5.77058143302143e-06,2.00564255435782e-05,4.04674979713831e-07,0.0471900693438344,0.00126722440077537,1.3787186892195e-06,0.0240436277900019,2.70505398712778e-06,7.24305381861863e-06,1.21756334172956e-05,0.000479761092111628,4.79509354462164e-06,1.63187705144012e-06,2.6471278969159e-06,3.05835498181713e-07,3.11724193364238e-05,0.571344109490055,2.05889266268573e-06,1.22860594257868e-06,0.000103165878368241,1.58732641284703e-07,4.83594583071828e-07,1.39057560083365e-06,0.00454006301472991,1.93888053304363e-08,3.64332053342274e-07,4.54594212626695e-07,0.000217269084981875,1.05041271999383e-06,2.17931229392023e-05,2.44713535436755e-06,7.1133190840726e-05,5.23123764176453e-05,"GeoPT14.csv"
"3",3.23179240736071e-07,0.128903724595941,1.25952253276996e-06,0.000534047436664128,4.5527645764017e-06,0.0107209943851622,1.55793740020509e-07,0.000129992353650982,2.06400562203488e-06,8.58123601818274e-06,4.09123292255078e-06,5.49212937699821e-06,9.26855731211884e-06,5.36935227118995e-06,1.62443658249944e-06,0.0201114429551407,0.0274950561332143,2.39289832849398e-05,1.02500533417954e-05,2.65072885529221e-06,7.65909712657406e-06,1.94804766220782e-06,0.0495746998894446,6.34730381658501e-05,3.16170313368691e-05,7.25039843804825e-07,0.00127875698114191,0.000545630553664535,2.12563796783991e-06,0.0350039941915842,4.90690019268292e-05,5.51386649823915e-05,7.3548611405792e-06,0.000294183236368662,2.40934823909381e-05,1.47074873630198e-05,0.000153600144493785,2.06060477365664e-06,5.28386475631636e-06,0.722301837994695,1.15822728822076e-05,1.76354506778726e-05,8.79486636757066e-05,9.70551312657827e-05,1.56768885115781e-06,2.2790032072042e-05,0.00196117729332244,8.36803481701811e-07,6.9588857693589e-07,3.19224805819929e-06,6.12517076479412e-06,1.67144921332544e-06,5.39015013467527e-05,4.84299712609546e-06,6.51035780351343e-05,0.000271045144368554,"GeoPT16.csv"
"4",1.73074438828855e-07,0.12929483915085,1.34679962746613e-06,0.000315349683228977,1.04144662543432e-06,0.083883481187321,2.41381733646803e-07,5.64124327387737e-05,4.03155177196667e-05,8.19088167197801e-05,6.70764689696058e-07,5.82221214116809e-05,5.51666681221051e-06,2.91760976427314e-06,2.08164589278053e-06,0.0778054853290442,0.122952596412836,2.1279212201856e-05,6.92391222440669e-06,1.28722578555643e-06,4.86713125973113e-06,1.13273028541746e-06,0.00910541016183429,2.80249885358666e-05,1.15607199678345e-05,3.50650381546292e-07,0.051843889568422,0.00158586860561759,2.95427289606707e-06,0.0220924756122662,1.76815233493694e-05,3.09069053972028e-05,4.80711229951302e-05,0.00281211377876449,1.40064349399398e-05,8.07051625944787e-06,2.32235221198258e-05,2.13767295313808e-07,2.58359762837558e-05,0.474358582579803,7.94727674155861e-06,1.76565067622843e-05,0.000376583286649611,1.19855962563176e-06,1.04049793705902e-06,2.9074470953422e-06,0.0224096951106389,1.51864486056729e-07,4.02439036072396e-07,7.4820513896271e-07,0.000312061892762901,1.09390878038231e-06,2.57858643366989e-05,2.32823634446199e-06,0.000106839121947984,0.000186228821376599,"GeoPT19.csv"
"5",1.03775814278749e-07,0.169323199001373,1.24135476201263e-06,0.000310578471730697,1.20798560849277e-06,0.0591297858957111,1.26441960669203e-07,3.2522745700888e-05,1.79975102132406e-05,3.73430978487308e-05,3.60808319007494e-07,2.98819271115788e-05,2.70486930575524e-06,1.46320483779563e-06,1.11845845695434e-06,0.0351611682360256,0.0591604277759265,1.97459793079255e-05,3.27633058164173e-06,9.70345238426108e-07,3.46940935861497e-06,5.42801495548637e-07,0.0122123466380219,1.54243270545824e-05,1.12865421309186e-05,1.96621354988948e-07,0.0304019371198857,0.000928317294033172,1.40205591033928e-06,0.0389009657255939,8.46548231819105e-06,1.76843577440077e-05,3.12563802191615e-05,0.0016735810980968,9.96464827091137e-06,4.15972323063595e-06,1.82308995530267e-05,7.41919293809881e-07,1.35148792341682e-05,0.583439144280953,3.47247198037643e-06,2.14106458083595e-06,0.000523452229934257,6.54223563142299e-07,5.04978165982594e-07,2.69367867204146e-06,0.00821606107299802,2.99354806796078e-07,2.18070571155935e-07,9.80245570096395e-07,9.99950030042224e-05,1.55738526674881e-06,1.56812352654224e-05,1.35375899053244e-06,6.27282738167449e-05,0.000140350533226432,"GeoPT2.csv"
"6",3.72774620214345e-07,0.110378463170973,2.24219611838725e-06,2.72716615785381e-05,9.0044853495431e-06,0.0018595656949818,4.14860670433159e-07,0.000200951631132402,8.08214363952649e-07,1.66331183788569e-05,7.70620241276186e-07,3.67982079626976e-06,1.80664146552966e-05,1.11674851004108e-05,1.12572643949395e-06,0.0320141062150991,0.037954162306504,3.11038352593274e-05,1.79336578278749e-05,1.51713378267354e-06,2.41321361959146e-05,3.95654541457603e-06,0.0431471228839044,9.39095195580407e-05,1.65703206204112e-06,1.61446197444622e-06,0.000319233214262604,0.000904271539658422,1.69125437795974e-06,0.0375766457521429,7.70353330625608e-05,8.17028881334601e-05,3.35954256127138e-06,0.000101693885953699,3.5829466171218e-05,2.02956913838104e-05,0.00016674589559997,3.11234248883232e-07,9.26956352996806e-07,0.731487821518452,1.82260067246441e-05,9.85925544195694e-06,1.12086601135057e-05,5.3874795353678e-06,2.86955079717996e-06,2.34628010242916e-05,0.00216909356260158,7.983250384284e-07,1.72361689253799e-06,5.30300258967841e-06,4.31375850147797e-06,2.2533591687227e-06,9.4525969093007e-05,1.10817024762922e-05,0.000151121045648462,0.000889454129008474,"GeoPT20.csv"
"7",3.27517842749918e-07,0.144169945841231,2.07670161866018e-06,0.000358952139496208,2.54034144806365e-06,0.0435962180250434,3.2067540796531e-07,5.13234009172949e-05,1.36326242846711e-05,5.27038321794909e-05,3.03857210065943e-06,2.76974874113155e-05,7.05640936849067e-06,4.76790400275268e-06,1.60313682493768e-06,0.0439052802759122,0.0575177583687767,1.60361926596191e-05,7.12930115864622e-06,1.62160255908124e-06,5.65148754033898e-06,1.54321364532892e-06,0.0262818164442084,2.4837345190714e-05,3.18304863586142e-05,6.71964791649889e-07,0.0227800257982801,0.00135059809910249,1.8257042629977e-06,0.034708769740926,1.26681164360796e-05,2.77074960406583e-05,2.27856515415258e-05,0.00171222973012188,1.42489718915576e-05,6.96599587090218e-06,9.48216475290672e-05,3.4763840425929e-07,1.77507794451667e-05,0.615182457958927,6.66880028373606e-06,2.34975127400948e-06,0.000100676427445106,1.1389885752725e-06,1.20985709164715e-06,7.62508229856626e-06,0.00746965779956375,4.37991087325077e-07,6.94437249266768e-07,2.14647198531858e-06,8.09032504947477e-05,2.46122590848754e-06,4.58251730297436e-05,3.75594528676782e-06,6.78486835739164e-05,0.000187015494093048,"GeoPT21.csv"
"8",1.93221379517811e-07,0.160316911175752,1.90076846013569e-06,1.40951331731065e-05,5.23642146121088e-05,0.0039823893437493,1.08046400518926e-07,2.33882821791937e-05,7.26681028600933e-07,0.000196930046335901,7.65792630793476e-05,6.06144464592307e-06,4.05357152407885e-06,1.71810102867995e-06,4.28267060232445e-08,0.00355699331634653,0.00466765113919371,5.53293228229867e-05,4.22644603002572e-06,5.386150068357e-06,7.55333529174908e-06,7.16856991311025e-07,0.0364431214379561,8.8353090471658e-06,0.00176632557211983,3.18967421194742e-07,0.000214240745811977,0.00160940804704947,4.58809821217657e-07,0.0551246239891011,6.38869907870566e-05,1.44727831814137e-05,1.43596364250218e-05,0.000212025640733683,6.07934899980663e-05,3.97897874171131e-06,0.00244812637868166,5.14264405411704e-07,8.87483905339958e-06,0.728632051687348,5.79447658933626e-06,3.32479654377298e-05,1.39753831697505e-05,4.52818770365789e-05,7.66687656655642e-07,1.3369922415609e-05,9.98987749160288e-05,1.42897322837008e-05,3.16749153301715e-07,3.56832291300075e-06,2.3680911347326e-06,4.85940733675064e-06,2.36346077010095e-05,2.38010311936961e-06,9.56078761552616e-05,3.89037684978022e-05,"GeoPT22.csv"
"9",1.10255277574041e-07,0.16180990271216,2.41769616526629e-06,0.00016504038098223,4.05983456986168e-07,0.11251092465257,1.09105834462785e-07,1.27501911006871e-05,4.31517409262138e-05,0.000279442458497184,4.53238238724997e-08,8.41449609467368e-05,3.06947251059767e-06,1.96666249424301e-06,9.10226603754607e-07,0.0659621299640956,0.0983510638531426,1.51001385542926e-05,2.62300214404348e-06,1.26391880331769e-06,1.55078030107949e-06,6.6652199061774e-07,0.00178631355635782,4.76046038713436e-06,5.64932909720704e-06,2.82571751930239e-07,0.0789180705945206,0.00151368464975386,7.37224098724488e-07,0.0190603540310535,4.23667626528537e-06,8.54307882385008e-06,0.00013750642162718,0.00127189252179647,3.2898581957255e-06,1.58288370771814e-06,2.09530536443231e-06,2.04544323210932e-07,3.31780031418225e-05,0.446538227273158,2.34613533251756e-06,1.19174033276305e-06,0.000154495248898942,3.37332158980798e-07,4.91474829874909e-07,3.92018687027928e-07,0.010933904522423,3.04820366674853e-08,2.78725445467797e-07,3.05099302746498e-07,0.00022624606537302,4.83011636003023e-07,1.82355126601426e-05,1.93902531778911e-06,6.84907080293471e-05,5.14339117294342e-05,"GeoPT23.csv"
"10",4.62558362703611e-07,0.21136378892459,1.77535481390681e-06,5.48900866930224e-05,1.85990668471417e-07,0.148605299315784,2.38005761861515e-07,3.66785210020869e-06,3.56187924314095e-05,3.89654788121795e-05,3.64308497484319e-07,0.000575052796508194,7.79998301108848e-07,4.27232634294189e-07,3.62585259017157e-07,0.047317353166345,0.103815031466241,1.87331117242445e-05,8.23152605864348e-07,1.37221832643121e-06,3.99564467798728e-07,1.64075468994637e-07,0.000970972433438093,1.55057479089649e-06,3.80134627018558e-06,6.17861291621728e-08,0.0452402808110029,0.000996055302618552,7.79219408211679e-07,0.0124593851981597,4.66048229612759e-07,2.86445108546858e-06,2.03794212319973e-05,0.00039026239150701,4.3514771154212e-06,5.86583393866432e-07,1.90344941180315e-06,2.61644097938899e-07,4.02867228058835e-05,0.417383966181041,8.16882782664823e-07,7.62686395322545e-07,0.000767460095108816,7.99633958139897e-08,1.2812373814721e-07,1.49178636895845e-07,0.00933160263155945,1.58133438015834e-08,5.90660522081335e-08,7.75871910972795e-08,0.000436424509483304,2.28092917768118e-06,4.35986782844155e-06,4.23527115943063e-07,9.03912051247751e-05,1.09968549305665e-05,"GeoPT25.csv"
"11",2.42898787944451e-07,0.0761612549226081,8.93172800577829e-07,8.14928121099792e-06,1.24562209520749e-07,0.075354119784818,1.46362119687456e-07,1.5644725286596e-06,8.32317249348655e-05,0.00232113323651965,1.85885835829656e-07,4.04829249528703e-05,1.56834900649288e-06,1.04658980369868e-06,3.04378793490776e-07,0.0836283755110603,0.114466568174401,8.31972655983156e-06,1.19243394972354e-06,1.19232086711618e-06,5.8464232576653e-07,3.65515171842656e-07,0.000472462923154308,6.36840765900934e-07,5.36988753168584e-06,1.61631958397243e-07,0.207327660833293,0.00170961269070658,3.51489072470186e-07,0.010054460224499,4.96828680786847e-07,1.60367796587161e-06,0.000821065769396051,0.000272493623168909,8.37597126600009e-07,2.45028335033129e-07,1.15152310504354e-06,3.60726761393333e-07,2.6888871754017e-05,0.42325817425197,8.01701897674651e-07,7.72988303653374e-07,1.5665330129856e-05,4.37977549169644e-08,2.32932236730992e-07,7.46388109993112e-08,0.0036989372347086,1.73348918297207e-08,1.58343286166759e-07,1.55643529560035e-08,0.000165757711747356,1.43065405964414e-07,8.92532987678666e-06,1.02627869995328e-06,5.65248077682016e-05,1.58216496174485e-05,"GeoPT29.csv"
"12",2.87866957603874e-07,0.139310812423794,2.63216394337966e-06,0.000338248920719864,8.44465965994874e-06,0.011382429363604,2.44627262138623e-07,5.97844548197444e-05,3.02114615534887e-06,0.000183185835598398,1.68408774432688e-05,7.170422642548e-06,4.15013023316572e-06,2.23934485322272e-06,5.62672660722106e-07,0.0185217236396764,0.0242333726539445,2.2604570062383e-05,4.72558786352791e-06,1.13472580976805e-06,4.42244614993204e-06,8.11678050905852e-07,0.0456358732939276,2.88313572791521e-05,0.000120059308246977,3.26787744711202e-07,0.00370896355807808,0.000619237963719701,3.01315703347123e-06,0.0356943271791758,1.51667301751706e-05,2.54051061408289e-05,5.30406793371383e-06,0.0012108583377729,2.52387691385247e-05,6.83580258304555e-06,0.000264586017711519,2.88112388982942e-07,4.35062019231178e-06,0.71515223028183,5.28243399863688e-06,1.14146510374282e-05,0.000111338523354974,2.47869755566903e-06,7.54924164057613e-07,1.85350035240181e-05,0.00294974612084653,1.59909779261887e-06,3.35961338927538e-07,5.1934366099624e-06,1.38994883976052e-05,7.99912381044258e-07,2.42993704579846e-05,2.18117507483154e-06,5.43969586959062e-05,0.000167997581792561,"GeoPT3.csv"
"13",3.76551808648983e-07,0.13545622454325,2.48271890935405e-06,0.000717448267357965,2.72569451807122e-06,0.0517297324338403,3.09042146772258e-07,9.88832649970973e-05,3.34810030842441e-05,0.000209370323095699,1.31809949144708e-06,3.11732795256557e-05,4.38161955065621e-06,1.81777151595153e-06,2.4554543368981e-06,0.0606749120473285,0.0916783884996983,2.1111957023578e-05,7.01347584204268e-06,1.30593506569458e-06,6.09888311493199e-06,7.66070066194154e-07,0.0381147157793898,5.2558197037629e-05,1.12999778759004e-05,1.7440616031473e-07,0.0586525197548682,0.00123666385164539,4.61554948111548e-06,0.0411497439829879,4.60790280236948e-05,4.3662351318792e-05,0.000148543415431146,0.00794755138367624,7.88736794881509e-06,1.11712264557976e-05,5.94486377765768e-05,3.63597635382888e-07,8.95766186312811e-06,0.490433905899632,8.15028074931687e-06,2.58617707559079e-06,0.00087139371640633,2.82285750431899e-06,8.83841087774954e-07,6.23008806197699e-06,0.0199966393163383,1.43258818294089e-07,2.14696494595319e-07,1.67976029238535e-06,0.000100605275578025,1.54958092049183e-06,1.96346265409296e-05,1.3998426623186e-06,0.000107039017104127,0.000267388659588939,"GeoPT32.csv"
"14",3.08152517577775e-07,0.125472934665295,3.38273055785181e-06,1.11379871810992e-05,4.30492333441479e-05,0.00313767252165037,2.29029470084833e-07,6.7994186351095e-06,5.87799883201327e-07,1.44397240324032e-05,0.000423009642253268,2.72998666796665e-06,1.45207282266999e-06,2.80331183801519e-07,4.75473163719809e-08,0.00652615343985164,0.00771709712980588,5.32875929186154e-05,2.34051283438727e-06,3.72720996832411e-06,1.23594661306367e-06,1.52639276503092e-07,0.0139655579895348,2.57258184712685e-06,0.000570769700541927,3.4532687761072e-08,0.00120445457052877,0.00103314886404677,5.59765377672117e-07,0.0412254493737445,0.000142707026608151,5.09673875829698e-06,3.53079781646332e-06,0.000300629451634416,7.1863683797179e-06,1.26410561258987e-06,0.00181839511974317,8.0731139284989e-06,3.0621268263204e-06,0.795349316867516,2.82368480616849e-06,0.000118193380679637,2.05123195525885e-05,0.000113713737227021,4.14565815244184e-07,5.11496668364688e-06,0.000605795967833677,1.24680452818302e-05,3.99661880647187e-08,4.02990722635984e-06,2.61893292208385e-06,5.63137966563484e-06,1.0862789789631e-05,2.94044186353327e-07,2.79836615004616e-05,5.63824142990202e-06,"GeoPT34.csv"
"15",5.85311469680102e-07,0.113076096481591,1.67126441898975e-06,0.000506873561749911,1.52058720580293e-06,0.0721277074742918,2.9788389041989e-07,8.39012374024855e-05,3.37657225823003e-05,1.18891721378749e-05,4.27456615460683e-07,0.000145434703701901,7.2478719175314e-06,3.73812741950165e-06,3.00704516742144e-06,0.0908668882182918,0.142570942198196,2.2327665885836e-05,8.54204064854032e-06,1.25651395975732e-06,7.01904882130399e-06,1.35172119296649e-06,0.014051917858107,3.58131673389174e-05,5.79775418066829e-06,4.5534429186504e-07,0.0326007134627218,0.00194767456233455,1.69247152685363e-06,0.0242742251260421,2.59082845282523e-05,4.56374876628444e-05,2.01053304742186e-05,0.00559252138027589,5.63206158725885e-06,1.05056681923519e-05,3.22442691633924e-05,1.58350829949502e-07,2.52346127859749e-05,0.465425312738012,1.02901418442592e-05,2.48325188314207e-06,0.000439000034999463,1.7511646616518e-06,1.34527171883627e-06,4.07868422669589e-06,0.0351511099845355,1.306645027413e-07,4.77415968062123e-07,9.90720801316664e-07,0.00035695381287501,8.576182959309e-07,3.67885843031665e-05,3.22311530534699e-06,0.000130273657662966,0.000276204637801725,"GeoPT35.csv"
"16",2.60040741928406e-07,0.0962765894108928,2.16060970479914e-06,0.000696638187430193,2.14304249490946e-06,0.123893798346542,1.47496169131862e-07,0.000117100437115839,5.94070453101002e-05,0.000408372230037833,5.9088103661947e-07,5.22485983188556e-05,6.53598184959539e-06,2.51590975420157e-06,3.63288638440064e-06,0.0717808055370742,0.12348892536104,1.91059746389172e-05,9.90090036941965e-06,9.78276874209461e-07,6.42505954103139e-06,1.07367046477257e-06,0.012088021406627,5.81981320614131e-05,1.57263100331397e-05,2.20968493648654e-07,0.12836211931085,0.00199348503395817,9.01233164337815e-07,0.0329454910660433,7.98667757154681e-05,5.38880962137342e-05,0.000288270517473112,0.00896145746467758,3.2690374033053e-06,1.39298912689052e-05,2.98729697559649e-05,1.38001526304047e-07,2.12956365780268e-05,0.359729806416829,1.11824711263409e-05,2.03138436465297e-06,0.00110998963694985,4.66838534774801e-06,1.3184761239516e-06,7.13842177778284e-06,0.0366925303832488,1.79665852623682e-08,2.96229886352893e-07,2.39839797894702e-06,0.000277958779603773,7.55996000046034e-07,2.78449525919724e-05,1.59816734287984e-06,0.000110567133076737,0.000274389065537253,"GeoPT36.csv"
"17",3.55259249549952e-07,0.13075689367193,1.98150450478086e-06,0.000206242705257751,1.03216697076455e-06,0.0777610153997338,1.9925932679519e-07,3.0298459908367e-05,4.06124093253068e-05,0.000184235159525377,7.65159734274298e-07,5.11264619247097e-05,3.89084661294979e-06,1.84640976798926e-06,1.45286704669929e-06,0.0755380678834492,0.106021929705091,1.75915450450128e-05,4.18082085631889e-06,1.48280392652862e-06,3.16521187326461e-06,7.05443262550856e-07,0.00784470281325435,1.52579222282023e-05,6.71410677387645e-06,2.13030069911498e-07,0.0653967557165334,0.00133127014361384,1.69438835214331e-06,0.0287473741252382,1.64186272280869e-05,1.69682541274327e-05,0.000138725051471616,0.00264782648934688,3.42456664695736e-06,3.81247658103879e-06,2.09255168515443e-05,1.67832803987128e-07,1.807585220654e-05,0.486332400585038,4.1014014328457e-06,1.65962393379213e-06,0.000329463241875274,2.42655903019725e-06,7.35563428447651e-07,2.43634606303599e-06,0.0161050554025212,7.04687784464823e-08,2.54193292430929e-07,7.11196614016027e-07,0.000145057295444356,7.91849245245132e-07,1.98868226262461e-05,1.56417687491458e-06,9.33605237991973e-05,0.000120626682351468,"GeoPT37.csv"
"18",4.70764475654668e-07,0.15112900335269,1.12233488459094e-06,0.00187405108106387,3.42945425942251e-06,0.0179601307524644,1.27239506179189e-07,0.000157149156417924,5.02644496750728e-06,2.05048335558069e-05,1.81480967161912e-06,1.44245822853648e-05,2.17325307927153e-06,9.20645446742078e-07,1.45718881558942e-06,0.0170320396547762,0.0284783087330086,2.3352295162401e-05,4.75144157869116e-06,9.10655510113995e-07,6.13661084769641e-06,3.60030743336869e-07,0.0445811112146674,8.79018865186361e-05,3.16557942652094e-05,9.92785794978851e-08,0.00752937629736335,0.000364578037925174,2.22932817798424e-06,0.0367544471689193,1.24764634508559e-05,5.28540079800995e-05,6.63541381284182e-06,0.00137615987346122,3.0436090885883e-05,1.66646276139953e-05,0.000163179540326807,2.50284076733536e-07,3.40911075198871e-06,0.686966954840392,7.34920631772912e-06,2.57376724218514e-06,0.000446154581622404,1.06152090346649e-06,4.94745119519998e-07,2.39115659840846e-05,0.00443139856649665,7.33298379814765e-07,1.14411008549361e-07,2.21225558082378e-06,3.60333831086343e-05,5.28605652768298e-07,9.81777695252281e-06,7.09314777530708e-07,9.04868893226559e-05,0.000248335537151449,"GeoPT38.csv"
"19",1.36627953447569e-07,0.160007483026852,3.99593331153547e-06,0.00072091084850848,8.68335699241129e-07,0.0619900641634152,1.76187741019547e-07,2.8057027526111e-05,1.93590083545339e-05,1.55904186588166e-05,2.99384931476017e-06,2.07256109028733e-05,3.98503013620302e-06,2.35296408160863e-06,9.8382258657408e-07,0.0461641659062516,0.0725795639518445,1.85528050618605e-05,4.05538816659475e-06,1.03263552411067e-06,2.95436267291712e-06,8.14372590894773e-07,0.0159023162841986,1.24463250486909e-05,2.13683968861493e-05,3.38751788255308e-07,0.0309913907107099,0.00114009328347644,9.05874106015163e-07,0.0264787621231175,5.32596569719123e-06,1.65364620479234e-05,6.7804905461455e-06,0.00126931167477846,1.57003727376632e-05,3.64644992199498e-06,6.0188833585477e-05,1.77507721082393e-06,1.94294910264413e-05,0.573853049877723,3.77855026398012e-06,2.94927665799744e-06,0.000279003483700454,4.8429206520822e-07,6.34718979801266e-07,3.87254902843016e-06,0.00797123099906689,3.48768679005151e-07,3.69666363925858e-07,1.40608735780225e-06,0.000139495460083852,6.73998646019247e-07,2.31423429255484e-05,2.21140307911673e-06,8.80542681773117e-05,9.41554131630317e-05,"GeoPT38A.csv"
"20",3.34442157978808e-07,0.185496933486063,2.70391988801663e-06,8.16583858250179e-05,2.41085033296875e-07,0.114892453104705,2.27212556259405e-07,5.4285689027796e-06,3.72914206115345e-05,9.88940972102573e-06,9.71011537449739e-07,8.62646709861146e-05,1.51855495745852e-06,9.38091363197569e-07,5.24276438305337e-07,0.0647837473183217,0.120484203883903,1.95997907154735e-05,1.39551655780425e-06,8.20658894578526e-07,8.4556544948263e-07,3.19390123218486e-07,0.00171576810652401,2.82237590372386e-06,6.87999513375808e-06,1.28561973569023e-07,0.0386581427548342,0.00139757149159728,4.65020958581986e-07,0.0185499642048306,1.16939695706737e-06,3.88571347517192e-06,1.2738014481443e-05,0.000376856806586693,1.00607971705297e-05,7.40824442814047e-07,5.0517247907648e-06,1.99236405051557e-06,3.53425607706541e-05,0.439694079702326,1.13695808513488e-06,1.59653393072988e-06,0.000373077591928424,1.40293158991264e-07,2.35698789271758e-07,6.44996440940106e-07,0.0126013614498532,4.48767862584539e-08,1.3281154886143e-07,2.33263821079263e-07,0.000521817225266104,5.04825993287773e-07,9.09979754060162e-06,8.40632343391184e-07,8.09133513748254e-05,2.62495116196519e-05,"GeoPT39.csv"
"21",2.17658155651039e-07,0.121464289726833,1.49700271451966e-06,0.000356589472500914,1.34904790526228e-06,0.0112608761499549,2.25195900474157e-07,6.04646515397475e-05,3.28400836876266e-06,6.48108058771682e-05,7.13480101063599e-07,1.21093986038513e-05,1.1532589360866e-05,7.48346780041304e-06,1.31662412914682e-06,0.0182318376509335,0.0292382908713271,1.60915396894981e-05,1.00523730373455e-05,1.46156228935189e-06,7.39489123176533e-06,2.49781578841566e-06,0.0196844338255574,2.64742272715621e-05,5.9265327535485e-06,1.18095605383709e-06,0.00472944213515767,0.000618548983811688,4.20833612080048e-06,0.0406039579470604,1.14063488202447e-05,3.5197664843796e-05,6.24975211099594e-06,0.000558032304210103,6.23894635715827e-06,7.85804610660452e-06,5.01750771548157e-05,5.23121592451828e-07,7.09680190533168e-06,0.749423337461556,8.81047691509487e-06,3.70735767318426e-06,6.98370882709912e-05,1.12464329964814e-06,1.82752268101712e-06,4.85439823880655e-06,0.00299363028864325,1.66115510889736e-07,1.19353922817297e-06,1.36410227197861e-06,1.07685464725468e-05,1.25680656961214e-06,7.06822193992632e-05,7.63076289959669e-06,5.16745202263351e-05,0.000236797159212672,"GeoPT39A.csv"
"22",1.72700622651958e-07,0.161502825152221,7.15665578160078e-07,0.000378864455141335,8.44696471398058e-07,0.0868030145269789,1.83538599415564e-07,3.57650707322939e-05,3.24121027610487e-05,0.000155478422671381,3.96876638031544e-07,9.30640513028638e-05,4.28243117384847e-06,2.47442379212463e-06,1.4574417806126e-06,0.0545057076235734,0.0948411804063223,2.18714845148386e-05,4.62731891230192e-06,1.08173163146344e-06,3.02011095937616e-06,8.81915352820189e-07,0.0108093364373039,1.71880519623644e-05,7.72660224855084e-06,3.35484581148917e-07,0.0476899993870896,0.00144212852314655,5.16240462500966e-07,0.0305364180786167,6.00140319976786e-06,2.07109815672064e-05,6.19864662329428e-05,0.00205991424017392,6.31657815994239e-06,4.712080756807e-06,2.59052540579044e-05,1.91138679220439e-07,2.81948309658093e-05,0.495756595858824,4.42427933405994e-06,1.24515060946529e-06,0.00034777934828505,4.86455389821148e-07,7.35138213041587e-07,1.97609630335271e-06,0.0123340959617803,1.37104820082843e-07,3.46717823340704e-07,4.4032793047186e-07,0.000238539298283058,9.93861080923245e-07,2.29968485841076e-05,2.12287677585382e-06,7.03475077250051e-05,0.000108833241301956,"GeoPT4.csv"
"23",3.79025757089656e-08,0.00288717167585356,3.57970549729946e-07,2.35117340485668e-06,7.54922370588647e-08,0.00457806183153328,1.08828540414502e-07,7.67490873872249e-07,9.07257542928489e-05,0.00228452486577231,2.34483284611176e-08,6.88924520596024e-06,1.8355445806077e-08,2.61725062996977e-07,7.38406514501329e-09,0.0676493968564728,0.0845333718486097,5.68816611055545e-07,6.21187259158226e-08,7.65664901775304e-07,7.79238551481592e-08,3.81608109698666e-09,0.00013259693052809,1.6261186049845e-07,2.06418079314627e-06,4.8521204340654e-09,0.428822243726213,0.00118219548215732,4.03138850389193e-07,0.000346004706937813,1.07502233683319e-07,3.13478909115064e-07,0.00223334484670723,5.63076007053242e-05,0.000221183933541856,2.15482976114658e-06,2.16327597612697e-07,1.92950079539592e-06,8.62005084907538e-06,0.404777422976003,2.37001029870209e-08,3.57299942196313e-07,5.40037855325121e-07,3.48491273730612e-08,4.9349316947112e-09,7.19163298073202e-08,7.55368215604894e-05,1.56903194970765e-08,3.61320066004048e-09,2.06380373081631e-08,2.90312541389614e-05,6.2292328735618e-06,2.24365088796096e-07,2.80963149928658e-08,6.29239473528577e-05,2.04673726029915e-06,"GeoPT41.csv"
"24",6.74813260035779e-07,0.132577263429574,7.30021748789908e-06,0.00413759659170576,2.05692543927612e-05,0.0316057712661269,3.4448950301626e-07,0.000456755654636733,1.78194155220639e-05,0.000264063837796885,1.14896850964423e-05,0.000101275654185743,1.15769034085101e-05,4.05776271705788e-06,8.69096177106848e-06,0.0306742264671368,0.074450768851586,2.23750141254677e-05,2.67006617071887e-05,2.08558853315883e-06,1.95997850346688e-05,1.73891766866949e-06,0.105014557022453,0.000213074028469884,2.97395109637294e-05,4.22201156999625e-07,0.0321114951085188,0.0010908829814612,2.84351229459851e-05,0.0176625379777369,2.33334619759017e-05,0.000209222347723481,0.000170776559311336,0.00693876085739045,0.000219706257178414,5.55903084905482e-05,0.00062351882456768,5.81333381492867e-07,1.35291152333439e-05,0.551086984319985,3.69438970463848e-05,8.32518417246386e-06,0.000721186282135261,1.30088009974669e-06,3.03371152368608e-06,0.00011483779191701,0.00799278253066769,4.70898351344188e-06,4.81235558664341e-07,1.24851943241307e-05,0.000153596779703427,4.8508850210336e-06,4.78945229214604e-05,2.81100274170336e-06,0.000110303017164184,0.000868565539568995,"GeoPT43.csv"
"25",2.69626018514789e-07,0.228478568664806,2.33548657443405e-05,0.0004306115800389,8.37127621699623e-06,0.0241540239689012,4.04546959904207e-07,0.000291920392522585,2.21142391930982e-06,4.61697454625954e-05,1.39716441384219e-05,6.10891002001193e-06,4.28201313917033e-06,2.20401657105262e-06,2.71187530711672e-06,0.00977375477337827,0.0276217660366377,2.20445390920432e-05,8.04447941070647e-06,1.35959381392709e-06,1.00733400183182e-05,7.80870704686002e-07,0.0953645058384267,0.000166222773787352,5.63600190908114e-05,3.19283417671172e-07,0.00205852613218297,0.00143933363134097,4.33676945050221e-06,0.0722280780172136,3.89851882314908e-05,9.15751240495183e-05,4.58846039562766e-06,0.000392506326333235,0.000114532093153314,2.83047133707869e-05,0.000205156338528074,3.45157280382687e-06,1.38949768921495e-06,0.530879269504283,1.19118431365301e-05,2.1441068486227e-06,0.00153549858797362,2.10449927023394e-06,9.30575524492939e-07,5.78783919406681e-05,0.00366751221538435,2.20012390356777e-06,3.30246036910882e-07,1.26293809645258e-05,2.91809460011512e-05,7.29147707794728e-06,2.58843176214044e-05,2.06394176056109e-06,9.25490715136764e-05,0.000569440808470985,"GeoPT46.csv"
"26",2.90294237108219e-07,0.167930175690143,1.75646243168014e-06,0.000313036009303896,1.03839665224423e-06,0.0580892409739716,2.22444436873379e-07,3.13628464210629e-05,1.71068989265219e-05,3.79124189687426e-05,4.0266314821439e-07,2.7336195465427e-05,2.7526168618339e-06,1.49981505436613e-06,1.10104254163791e-06,0.03331736599959,0.0590811322396345,2.00453734265504e-05,3.44508698125575e-06,1.47077814229298e-06,4.01245247607607e-06,5.4794737076846e-07,0.0119458366900206,1.65257604306154e-05,1.04409133494312e-05,2.01624841412373e-07,0.0298328654101792,0.000944991585174648,1.59304617202226e-06,0.0408309944180061,7.75655314412589e-06,1.72724620502911e-05,3.14617406587534e-05,0.00168275168863008,9.25728526574488e-06,4.14315694817355e-06,1.89056271560638e-05,1.00796459152284e-06,1.27027488511794e-05,0.586848436111446,3.95209982189998e-06,2.31858032274612e-06,0.000522250435240764,6.59708030808003e-07,5.27003393401927e-07,2.38429760093862e-06,0.00804133259014882,8.4247555515446e-08,2.16250601253729e-07,1.10330254613841e-06,0.000104874390354418,1.21948740272248e-06,1.46793328054214e-05,1.4450195322405e-06,6.28147016328529e-05,0.000139739119908142,"GeoPT48.csv"
"27",3.1941595260096e-07,0.128879506117163,2.4604034686391e-06,0.000316977125282349,9.6145897748652e-07,0.0839169565105699,2.31877500622568e-07,5.60717834031895e-05,3.91055532587725e-05,8.49752595124496e-05,5.53778250621343e-07,6.03078502587205e-05,5.734937162747e-06,2.89210921958625e-06,2.10496010523381e-06,0.0764483642395317,0.123774000257211,2.07632649274752e-05,6.80908951467081e-06,1.62849045797475e-06,4.62448836889305e-06,1.09905875333147e-06,0.00942944392737487,2.68207597870483e-05,1.22341513383723e-05,3.43191507306639e-07,0.052407903178867,0.00159000381909034,3.17074962076704e-06,0.0218689151271665,1.58708636192537e-05,3.10259493032634e-05,4.95385908850427e-05,0.00294881728500923,1.26383081974429e-05,7.08593630171099e-06,2.38264866284898e-05,2.25559080369039e-07,2.48863714579522e-05,0.474524165795795,8.52993109256856e-06,1.65529436192278e-05,0.000345188288952458,1.28652670330247e-06,1.04613874853266e-06,3.18197600004811e-06,0.0223847086408596,1.66459400910334e-07,3.87506010617514e-07,7.48238754514317e-07,0.000310633918740167,9.04879301736218e-07,2.77315821892124e-05,2.3614979534145e-06,0.000106880549603499,0.000186326842189608,"GeoPT5.csv"
"28",2.65442611380902e-07,0.151692426088627,2.25844994371889e-06,0.000704606729997617,8.15295780247113e-06,0.0166539606335039,8.83600785426775e-08,8.77908476621577e-05,5.92467404971978e-06,0.000484986052486611,1.44978386244111e-05,5.18313096763542e-05,2.29700572774493e-06,1.03964081339378e-06,1.357635452344e-06,0.0155671339181327,0.0264414987129897,2.35853796581686e-05,4.07552600256544e-06,1.64669622371693e-06,4.67656006010012e-06,3.85783111744851e-07,0.0502964907319146,4.66576105268168e-05,9.88691053474566e-05,1.37850096878408e-07,0.0115882494221011,0.000456625790908454,4.23953969691008e-06,0.0379746660967748,1.19990477825371e-05,3.59591309069889e-05,1.81362612470614e-05,0.00207309756057146,3.98326643809738e-05,1.04297950948245e-05,0.000264253507778342,2.97577610601495e-07,5.01476141486647e-06,0.679717858082378,6.01360397061066e-06,4.24403762516337e-06,0.000438789843558064,1.02125104170962e-06,4.89033014269806e-07,2.33754830151193e-05,0.00485469436270224,1.30741384684789e-06,1.44399998956505e-07,7.4951095978399e-06,3.9239219565775e-05,2.04304044719087e-05,1.10602115695087e-05,9.22606048525091e-07,3.3200634277481e-05,0.000160271605927959,"GeoPT6.csv"
"29",1.95484754275028e-07,0.189756856249174,2.01222290361969e-06,0.00128447250142432,3.47388352169134e-06,0.0365527343718993,1.30211017031758e-07,0.000182666168077648,5.48080139887258e-06,0.000118859789311852,8.58131238631253e-07,7.43851353194754e-06,5.49855182592796e-06,3.14598479321142e-06,4.51857346594441e-06,0.0278220734810895,0.0461059690020898,2.45649546789017e-05,8.08138786844072e-06,1.48336877444336e-06,1.07889096292838e-05,1.08448612789134e-06,0.0368366491692936,9.31488682463888e-05,1.67801543831029e-05,5.23411930024059e-07,0.0108093785869402,0.00138328087671211,5.01340238463321e-06,0.0644226431618314,0.000105496178889427,6.49117994261965e-05,3.99483701975069e-06,0.00588839286496843,5.58223562419298e-06,1.89146500820107e-05,6.25372185891077e-05,4.18909589884852e-07,6.60493714331586e-06,0.56615817802248,1.05991567244055e-05,2.35574921328319e-06,0.00105620294209997,5.59063516753129e-06,1.09831580468099e-06,1.12353095863608e-05,0.0105229844575413,2.26735078625292e-08,4.43318762851255e-07,3.31445541175244e-06,2.6575832027139e-05,2.86944016163712e-06,2.85578027733391e-05,2.83324842775579e-06,7.09910347832083e-05,0.000469489313876984,"GeoPT8.csv"
